version 1
nodes
0 "Dummy01" -1
1 "Bip01" 0
2 "Bip01_Pelvis" 1
3 "Bip01_Spine" 2
4 "Bip01_Spine1" 3
5 "Bip01_Neck" 4
6 "Bip01_Head" 5
7 "Bip01_HeadNub" 6
8 "Bip01_L_Clavicle" 5
9 "Bip01_L_UpperArm" 8
10 "Bip01_L_Forearm" 9
11 "Bip01_L_Hand" 10
12 "Bip01_L_Finger0" 11
13 "Bip01_L_Finger0Nub" 12
14 "Bip01_L_Finger1" 11
15 "Bip01_L_Finger1Nub" 14
16 "Bip01_R_Clavicle" 5
17 "Bip01_R_UpperArm" 16
18 "Bip01_R_Forearm" 17
19 "Bip01_R_Hand" 18
20 "Bip01_R_Finger0" 19
21 "Bip01_R_Finger0Nub" 20
22 "Bip01_R_Finger1" 19
23 "Bip01_R_Finger1Nub" 22
24 "Bip01_BackPack" 4
25 "Bip01_BackPackNub" 24
26 "Bip01_L_Thigh" 3
27 "Bip01_L_Calf" 26
28 "Bip01_L_Foot" 27
29 "Bip01_L_Toe0" 28
30 "Bip01_L_Toe0Nub" 29
31 "Bip01_R_Thigh" 3
32 "Bip01_R_Calf" 31
33 "Bip01_R_Foot" 32
34 "Bip01_R_Toe0" 33
35 "Bip01_R_Toe0Nub" 34
36 "Bip01_DressFront" 2
37 "Bip01_DressFront02" 36
38 "Bip01_DressFrontNub" 37
39 "Bip01_DressBack" 2
40 "Bip01_DressBack02" 39
41 "Bip01_DressBackNub" 40
42 "Bip01_Prop1" 1
43 "Bip01_Prop2" 1
44 "Translation_Data" -1
45 "Body" -1
end
skeleton
time 0
0 0.000000 0.000000 0.000000 0.000000 0.000000 0.000000
1 0.029347 0.022986 0.503054 1.589549 0.063464 2.116687
2 0.000000 0.000000 0.000000 1.570795 0.000001 1.570796
3 0.051619 0.000000 -0.000083 0.000004 0.175232 0.000002
4 0.106510 -0.000008 -0.000079 -0.191922 -0.319275 0.296560
5 0.130515 -0.000001 0.004627 -0.052985 -0.408285 0.000047
6 0.033674 0.000000 0.000000 -0.441946 -0.022615 0.499817
7 0.169824 0.000000 0.000000 0.000000 0.000000 0.000000
8 -0.023896 0.015415 0.006120 -2.748760 -0.128605 1.749405
9 0.087086 0.000000 0.000000 -0.076766 -0.042091 -1.141689
10 0.137062 0.000000 0.000000 0.000000 0.002128 0.000000
11 0.137062 0.000000 0.000000 1.570000 -0.260737 0.000000
12 0.057681 -0.023605 -0.000272 -0.522434 -0.775801 -0.257402
13 0.029435 0.000000 0.000000 0.000000 0.000000 0.000000
14 0.084102 0.000000 0.000000 0.001093 -0.755281 -0.000750
15 0.047988 0.000000 0.000000 0.000000 0.000000 0.000000
16 -0.023898 -0.015970 0.004457 2.730503 0.032594 -1.617728
17 0.087086 0.000000 0.000000 -0.007444 -0.041261 1.538090
18 0.137062 0.000000 0.000000 0.000000 0.262313 0.000000
19 0.137062 0.000000 0.000000 -1.570000 0.223195 0.000000
20 0.057681 0.023605 -0.000272 0.963296 -1.122055 -0.272929
21 0.029435 0.000000 0.000000 3.141593 0.000000 3.141593
22 0.084102 0.000000 0.000000 -0.002259 -1.210622 0.002114
23 0.047988 0.000000 0.000000 -3.141593 0.000000 3.141593
24 0.063697 0.000003 -0.088856 0.475221 1.371793 0.419385
25 0.053240 0.000000 0.000000 3.137824 -1.570000 0.003769
26 -0.050843 0.055225 -0.008917 -0.018174 0.045811 -3.082008
27 0.237500 0.000000 0.000000 0.000000 0.345513 0.000000
28 0.206841 0.000000 0.000000 0.589917 -0.269060 -0.074225
29 0.065373 0.000000 0.066450 3.141590 -1.211471 -3.141590
30 0.006735 0.000000 0.000000 3.141593 0.000000 3.141593
31 -0.050843 -0.055225 -0.008917 0.168065 0.190860 -2.879149
32 0.237500 0.000000 0.000000 0.000000 0.490593 0.000000
33 0.206841 0.000000 0.000000 0.865673 0.368420 0.231653
34 0.065373 0.000000 0.066450 3.141593 -1.011853 -3.141591
35 0.006735 0.000000 0.000000 0.000000 0.000000 0.000000
36 -0.043998 0.001418 0.061086 -3.014437 -0.038384 -3.069207
37 0.183333 -0.000002 -0.000131 -0.009454 -0.069681 -0.070743
38 0.165302 0.000000 0.000000 3.137824 -1.570000 0.003769
39 -0.047730 -0.000029 -0.078282 2.932476 0.018676 -2.959703
40 0.176186 -0.000019 -0.000103 -0.199806 -0.244108 0.097227
41 0.136508 0.000000 0.000000 3.137824 -1.570000 0.003769
42 -0.006501 0.017283 -0.138203 2.093770 1.131976 -0.107834
43 -0.078979 -0.051598 0.107912 2.919956 -1.270041 1.822899
44 0.000000 0.000000 0.000000 0.000000 0.000000 0.000000
45 0.000000 0.000000 0.000000 1.570796 0.000000 0.000000
end
triangles
MaleBody_full.bmp
8 0.101421 0.101663 0.734877 -0.214071 0.941923 0.258755 0.000000 1.000000
4 0.067585 0.089561 0.738446 -0.179383 0.969530 0.166834 0.000000 1.000000
4 0.074517 0.081849 0.770774 0.102329 0.994708 -0.009157 0.000000 1.000000
MaleBody_full.bmp
4 0.067585 0.089561 0.738446 -0.179383 0.969530 0.166834 0.000000 1.000000
8 0.101421 0.101663 0.734877 -0.214071 0.941923 0.258755 0.000000 1.000000
8 0.104685 0.102229 0.712994 -0.192745 0.978098 0.078570 0.000000 1.000000
MaleBody_full.bmp
4 0.108427 0.102452 0.698686 0.272474 0.928852 -0.250981 0.000000 1.000000
4 0.063866 0.096143 0.675111 -0.115044 0.960407 -0.253738 0.000000 1.000000
4 0.062184 0.098445 0.703653 -0.193884 0.979660 0.051733 0.000000 1.000000
MaleBody_full.bmp
4 0.063866 0.096143 0.675111 -0.115044 0.960407 -0.253738 0.000000 1.000000
4 0.108427 0.102452 0.698686 0.272474 0.928852 -0.250981 0.000000 1.000000
4 0.110362 0.084150 0.673571 0.638261 0.669962 -0.379175 0.000000 1.000000
MaleBody_full.bmp
4 0.094210 0.055163 0.797549 0.754629 0.053212 0.653991 0.000000 1.000000
4 0.144194 0.043703 0.766405 0.737339 -0.201633 0.644729 0.000000 1.000000
8 0.126432 0.068074 0.765782 0.518169 0.495269 0.697287 0.000000 1.000000
MaleBody_full.bmp
4 0.144194 0.043703 0.766405 0.737339 -0.201633 0.644729 0.000000 1.000000
4 0.094210 0.055163 0.797549 0.754629 0.053212 0.653991 0.000000 1.000000
4 0.119722 0.028764 0.780021 0.521163 -0.528990 0.669745 0.000000 1.000000
MaleBody_full.bmp
2 0.119810 0.036362 0.553204 0.879434 0.157982 0.449040 0.000000 1.000000
2 0.094766 -0.000070 0.560855 0.711313 -0.677786 0.186116 0.000000 1.000000
2 0.097167 -0.006112 0.550824 0.621027 -0.629530 0.466923 0.000000 1.000000
MaleBody_full.bmp
2 0.094766 -0.000070 0.560855 0.711313 -0.677786 0.186116 0.000000 1.000000
2 0.119810 0.036362 0.553204 0.879434 0.157982 0.449040 0.000000 1.000000
2 0.112106 0.036319 0.562252 0.972717 0.110531 0.203971 0.000000 1.000000
MaleBody_full.bmp
2 0.078607 0.081378 0.561947 0.540187 0.812514 0.219133 0.000000 1.000000
2 0.119810 0.036362 0.553204 0.879434 0.157982 0.449040 0.000000 1.000000
2 0.099869 0.070314 0.535336 0.643897 0.750360 0.149524 0.000000 1.000000
MaleBody_full.bmp
2 0.119810 0.036362 0.553204 0.879434 0.157982 0.449040 0.000000 1.000000
2 0.078607 0.081378 0.561947 0.540187 0.812514 0.219133 0.000000 1.000000
2 0.112106 0.036319 0.562252 0.972717 0.110531 0.203971 0.000000 1.000000
MaleBody_full.bmp
2 0.038881 0.093056 0.557276 -0.155876 0.987020 0.038654 0.000000 1.000000
2 0.072541 0.086513 0.510476 0.229156 0.973390 -0.000082 0.000000 1.000000
2 0.043254 0.079139 0.500980 -0.365022 0.903873 -0.223100 0.000000 1.000000
MaleBody_full.bmp
2 0.072541 0.086513 0.510476 0.229156 0.973390 -0.000082 0.000000 1.000000
2 0.038881 0.093056 0.557276 -0.155876 0.987020 0.038654 0.000000 1.000000
2 0.078607 0.081378 0.561947 0.540187 0.812514 0.219133 0.000000 1.000000
MaleBody_full.bmp
4 0.062184 0.098445 0.703653 -0.193884 0.979660 0.051733 0.000000 1.000000
4 0.012568 0.081106 0.684559 -0.417653 0.901324 -0.114811 0.000000 1.000000
4 0.024758 0.086642 0.715711 -0.328121 0.930817 0.160986 0.000000 1.000000
MaleBody_full.bmp
4 0.012568 0.081106 0.684559 -0.417653 0.901324 -0.114811 0.000000 1.000000
4 0.062184 0.098445 0.703653 -0.193884 0.979660 0.051733 0.000000 1.000000
4 0.063866 0.096143 0.675111 -0.115044 0.960407 -0.253738 0.000000 1.000000
MaleBody_full.bmp
2 0.097167 -0.006112 0.550824 0.621027 -0.629530 0.466923 0.000000 1.000000
2 0.058010 -0.022284 0.559535 0.480930 -0.828394 0.287176 0.000000 1.000000
2 0.061181 -0.027961 0.547335 0.435226 -0.779149 0.451116 0.000000 1.000000
MaleBody_full.bmp
2 0.058010 -0.022284 0.559535 0.480930 -0.828394 0.287176 0.000000 1.000000
2 0.097167 -0.006112 0.550824 0.621027 -0.629530 0.466923 0.000000 1.000000
2 0.094766 -0.000070 0.560855 0.711313 -0.677786 0.186116 0.000000 1.000000
MaleBody_full.bmp
3 0.112183 -0.016477 0.651403 0.614783 -0.766686 -0.185022 0.000000 1.000000
4 0.075012 -0.041282 0.703584 0.503384 -0.861496 0.066553 0.000000 1.000000
3 0.068676 -0.042701 0.659899 0.487925 -0.852725 -0.186519 0.000000 1.000000
MaleBody_full.bmp
4 0.075012 -0.041282 0.703584 0.503384 -0.861496 0.066553 0.000000 1.000000
3 0.112183 -0.016477 0.651403 0.614783 -0.766686 -0.185022 0.000000 1.000000
4 0.123812 -0.014526 0.692782 0.651401 -0.757442 0.044243 0.000000 1.000000
MaleBody_full.bmp
26 0.051400 0.087453 0.463052 -0.375242 0.925977 0.041940 0.000000 1.000000
26 0.089449 0.086938 0.357418 0.528420 0.847762 -0.045524 0.000000 1.000000
26 0.042711 0.090499 0.365052 -0.651823 0.757706 0.031753 0.000000 1.000000
MaleBody_full.bmp
26 0.089449 0.086938 0.357418 0.528420 0.847762 -0.045524 0.000000 1.000000
26 0.051400 0.087453 0.463052 -0.375242 0.925977 0.041940 0.000000 1.000000
26 0.099955 0.074731 0.457532 0.682025 0.729359 -0.053642 0.000000 1.000000
MaleBody_full.bmp
26 0.089449 0.086938 0.357418 0.528420 0.847762 -0.045524 0.000000 1.000000
26 0.030085 0.091247 0.268513 -0.499605 0.834477 -0.232471 0.000000 1.000000
26 0.042711 0.090499 0.365052 -0.651823 0.757706 0.031753 0.000000 1.000000
MaleBody_full.bmp
26 0.030085 0.091247 0.268513 -0.499605 0.834477 -0.232471 0.000000 1.000000
26 0.089449 0.086938 0.357418 0.528420 0.847762 -0.045524 0.000000 1.000000
26 0.078144 0.069687 0.265788 0.674158 0.688552 -0.267221 0.000000 1.000000
MaleBody_full.bmp
26 0.021193 0.042983 0.468165 -0.784077 -0.455037 -0.422096 0.000000 1.000000
26 0.062421 -0.016847 0.362991 -0.164671 -0.968583 -0.186362 0.000000 1.000000
2 0.075238 -0.031484 0.445266 0.388157 -0.683202 -0.618522 0.000000 1.000000
MaleBody_full.bmp
26 0.062421 -0.016847 0.362991 -0.164671 -0.968583 -0.186362 0.000000 1.000000
26 0.021193 0.042983 0.468165 -0.784077 -0.455037 -0.422096 0.000000 1.000000
26 0.016444 0.043407 0.368185 -0.792406 -0.607773 -0.052008 0.000000 1.000000
MaleBody_full.bmp
26 0.016444 0.043407 0.368185 -0.792406 -0.607773 -0.052008 0.000000 1.000000
26 0.054373 0.008660 0.274841 -0.505515 -0.847551 0.161592 0.000000 1.000000
26 0.062421 -0.016847 0.362991 -0.164671 -0.968583 -0.186362 0.000000 1.000000
MaleBody_full.bmp
26 0.054373 0.008660 0.274841 -0.505515 -0.847551 0.161592 0.000000 1.000000
26 0.016444 0.043407 0.368185 -0.792406 -0.607773 -0.052008 0.000000 1.000000
26 0.028867 0.041887 0.270649 -0.795220 -0.597256 0.104455 0.000000 1.000000
MaleBody_full.bmp
2 0.075238 -0.031484 0.445266 0.388157 -0.683202 -0.618522 0.000000 1.000000
26 0.124659 0.032642 0.354679 0.947172 -0.213203 -0.239605 0.000000 1.000000
26 0.125979 0.021661 0.439090 0.961933 -0.065219 -0.265388 0.000000 1.000000
MaleBody_full.bmp
26 0.124659 0.032642 0.354679 0.947172 -0.213203 -0.239605 0.000000 1.000000
2 0.075238 -0.031484 0.445266 0.388157 -0.683202 -0.618522 0.000000 1.000000
26 0.062421 -0.016847 0.362991 -0.164671 -0.968583 -0.186362 0.000000 1.000000
MaleBody_full.bmp
26 0.062421 -0.016847 0.362991 -0.164671 -0.968583 -0.186362 0.000000 1.000000
26 0.088414 0.031076 0.273053 0.921753 -0.375260 0.097727 0.000000 1.000000
26 0.124659 0.032642 0.354679 0.947172 -0.213203 -0.239605 0.000000 1.000000
MaleBody_full.bmp
26 0.088414 0.031076 0.273053 0.921753 -0.375260 0.097727 0.000000 1.000000
26 0.062421 -0.016847 0.362991 -0.164671 -0.968583 -0.186362 0.000000 1.000000
26 0.054373 0.008660 0.274841 -0.505515 -0.847551 0.161592 0.000000 1.000000
MaleBody_full.bmp
26 0.125979 0.021661 0.439090 0.961933 -0.065219 -0.265388 0.000000 1.000000
26 0.089449 0.086938 0.357418 0.528420 0.847762 -0.045524 0.000000 1.000000
26 0.099955 0.074731 0.457532 0.682025 0.729359 -0.053642 0.000000 1.000000
MaleBody_full.bmp
26 0.089449 0.086938 0.357418 0.528420 0.847762 -0.045524 0.000000 1.000000
26 0.125979 0.021661 0.439090 0.961933 -0.065219 -0.265388 0.000000 1.000000
26 0.124659 0.032642 0.354679 0.947172 -0.213203 -0.239605 0.000000 1.000000
MaleBody_full.bmp
26 0.124659 0.032642 0.354679 0.947172 -0.213203 -0.239605 0.000000 1.000000
26 0.078144 0.069687 0.265788 0.674158 0.688552 -0.267221 0.000000 1.000000
26 0.089449 0.086938 0.357418 0.528420 0.847762 -0.045524 0.000000 1.000000
MaleBody_full.bmp
26 0.078144 0.069687 0.265788 0.674158 0.688552 -0.267221 0.000000 1.000000
26 0.124659 0.032642 0.354679 0.947172 -0.213203 -0.239605 0.000000 1.000000
26 0.088414 0.031076 0.273053 0.921753 -0.375260 0.097727 0.000000 1.000000
MaleBody_full.bmp
28 0.088729 -0.011851 0.000815 -0.000515 -0.007841 -0.999969 0.000000 1.000000
28 0.049164 -0.057310 0.001166 -0.000532 -0.007258 -0.999974 0.000000 1.000000
28 0.043834 -0.008784 0.000809 -0.000351 -0.008537 -0.999964 0.000000 1.000000
MaleBody_full.bmp
28 0.049164 -0.057310 0.001166 -0.000532 -0.007258 -0.999974 0.000000 1.000000
28 0.088729 -0.011851 0.000815 -0.000515 -0.007841 -0.999969 0.000000 1.000000
28 0.084020 -0.057043 0.001140 -0.000692 -0.007119 -0.999974 0.000000 1.000000
MaleBody_full.bmp
27 0.045604 0.059035 0.213393 -0.156551 0.913632 -0.375191 0.000000 1.000000
27 0.088868 0.030640 0.143647 0.552862 0.791022 -0.261969 0.000000 1.000000
27 0.048664 0.038539 0.142249 -0.430060 0.840872 -0.328607 0.000000 1.000000
MaleBody_full.bmp
27 0.088868 0.030640 0.143647 0.552862 0.791022 -0.261969 0.000000 1.000000
27 0.045604 0.059035 0.213393 -0.156551 0.913632 -0.375191 0.000000 1.000000
27 0.087653 0.052400 0.215111 0.649681 0.754314 -0.094468 0.000000 1.000000
MaleBody_full.bmp
27 0.048664 0.038539 0.142249 -0.430060 0.840872 -0.328607 0.000000 1.000000
27 0.086796 0.000272 0.069074 0.745505 0.598709 -0.292865 0.000000 1.000000
27 0.058679 0.018527 0.067000 -0.644083 0.725931 -0.241207 0.000000 1.000000
MaleBody_full.bmp
27 0.086796 0.000272 0.069074 0.745505 0.598709 -0.292865 0.000000 1.000000
27 0.048664 0.038539 0.142249 -0.430060 0.840872 -0.328607 0.000000 1.000000
27 0.088868 0.030640 0.143647 0.552862 0.791022 -0.261969 0.000000 1.000000
MaleBody_full.bmp
27 0.024605 0.013232 0.205295 -0.826075 -0.545340 0.142143 0.000000 1.000000
27 0.058145 -0.031465 0.166134 -0.216731 -0.976162 0.011672 0.000000 1.000000
27 0.054609 -0.025651 0.231650 0.091178 -0.921344 0.377905 0.000000 1.000000
MaleBody_full.bmp
27 0.058145 -0.031465 0.166134 -0.216731 -0.976162 0.011672 0.000000 1.000000
27 0.024605 0.013232 0.205295 -0.826075 -0.545340 0.142143 0.000000 1.000000
27 0.037749 0.001783 0.148450 -0.826882 -0.555968 -0.084656 0.000000 1.000000
MaleBody_full.bmp
27 0.037749 0.001783 0.148450 -0.826882 -0.555968 -0.084656 0.000000 1.000000
27 0.065835 -0.029914 0.085007 -0.522232 -0.850410 -0.063843 0.000000 1.000000
27 0.058145 -0.031465 0.166134 -0.216731 -0.976162 0.011672 0.000000 1.000000
MaleBody_full.bmp
27 0.065835 -0.029914 0.085007 -0.522232 -0.850410 -0.063843 0.000000 1.000000
27 0.037749 0.001783 0.148450 -0.826882 -0.555968 -0.084656 0.000000 1.000000
28 0.049929 -0.003132 0.062105 -0.823473 -0.561069 -0.084218 0.000000 1.000000
MaleBody_full.bmp
27 0.054609 -0.025651 0.231650 0.091178 -0.921344 0.377905 0.000000 1.000000
27 0.109963 0.001793 0.158090 0.929544 -0.362009 -0.069980 0.000000 1.000000
27 0.114800 0.014425 0.231399 0.983746 0.052360 0.171763 0.000000 1.000000
MaleBody_full.bmp
27 0.109963 0.001793 0.158090 0.929544 -0.362009 -0.069980 0.000000 1.000000
27 0.054609 -0.025651 0.231650 0.091178 -0.921344 0.377905 0.000000 1.000000
27 0.058145 -0.031465 0.166134 -0.216731 -0.976162 0.011672 0.000000 1.000000
MaleBody_full.bmp
27 0.058145 -0.031465 0.166134 -0.216731 -0.976162 0.011672 0.000000 1.000000
27 0.087231 -0.020396 0.088162 0.696597 -0.715718 -0.049995 0.000000 1.000000
27 0.109963 0.001793 0.158090 0.929544 -0.362009 -0.069980 0.000000 1.000000
MaleBody_full.bmp
27 0.087231 -0.020396 0.088162 0.696597 -0.715718 -0.049995 0.000000 1.000000
27 0.058145 -0.031465 0.166134 -0.216731 -0.976162 0.011672 0.000000 1.000000
27 0.065835 -0.029914 0.085007 -0.522232 -0.850410 -0.063843 0.000000 1.000000
MaleBody_full.bmp
27 0.114800 0.014425 0.231399 0.983746 0.052360 0.171763 0.000000 1.000000
27 0.088868 0.030640 0.143647 0.552862 0.791022 -0.261969 0.000000 1.000000
27 0.087653 0.052400 0.215111 0.649681 0.754314 -0.094468 0.000000 1.000000
MaleBody_full.bmp
27 0.088868 0.030640 0.143647 0.552862 0.791022 -0.261969 0.000000 1.000000
27 0.114800 0.014425 0.231399 0.983746 0.052360 0.171763 0.000000 1.000000
27 0.109963 0.001793 0.158090 0.929544 -0.362009 -0.069980 0.000000 1.000000
MaleBody_full.bmp
27 0.109963 0.001793 0.158090 0.929544 -0.362009 -0.069980 0.000000 1.000000
27 0.086796 0.000272 0.069074 0.745505 0.598709 -0.292865 0.000000 1.000000
27 0.088868 0.030640 0.143647 0.552862 0.791022 -0.261969 0.000000 1.000000
MaleBody_full.bmp
27 0.086796 0.000272 0.069074 0.745505 0.598709 -0.292865 0.000000 1.000000
27 0.109963 0.001793 0.158090 0.929544 -0.362009 -0.069980 0.000000 1.000000
27 0.087231 -0.020396 0.088162 0.696597 -0.715718 -0.049995 0.000000 1.000000
MaleBody_full.bmp
26 0.099955 0.074731 0.457532 0.682025 0.729359 -0.053642 0.000000 1.000000
2 0.072541 0.086513 0.510476 0.229156 0.973390 -0.000082 0.000000 1.000000
2 0.108253 0.067222 0.506753 0.708542 0.701660 0.075114 0.000000 1.000000
MaleBody_full.bmp
2 0.072541 0.086513 0.510476 0.229156 0.973390 -0.000082 0.000000 1.000000
26 0.099955 0.074731 0.457532 0.682025 0.729359 -0.053642 0.000000 1.000000
26 0.051400 0.087453 0.463052 -0.375242 0.925977 0.041940 0.000000 1.000000
MaleBody_full.bmp
2 0.002145 0.067533 0.493324 -0.438695 0.791929 -0.424729 0.000000 1.000000
26 0.021193 0.042983 0.468165 -0.069629 0.926191 -0.370571 0.000000 1.000000
2 0.009983 0.053384 0.459790 0.254097 0.652283 -0.714116 0.000000 1.000000
MaleBody_full.bmp
26 0.021193 0.042983 0.468165 -0.069629 0.926191 -0.370571 0.000000 1.000000
2 0.002145 0.067533 0.493324 -0.438695 0.791929 -0.424729 0.000000 1.000000
2 0.043254 0.079139 0.500980 -0.365022 0.903873 -0.223100 0.000000 1.000000
MaleBody_full.bmp
2 0.097167 -0.006112 0.550824 0.621027 -0.629530 0.466923 0.000000 1.000000
2 0.137980 0.021434 0.504918 0.990892 0.014433 0.133880 0.000000 1.000000
2 0.119810 0.036362 0.553204 0.879434 0.157982 0.449040 0.000000 1.000000
MaleBody_full.bmp
2 0.137980 0.021434 0.504918 0.990892 0.014433 0.133880 0.000000 1.000000
2 0.097167 -0.006112 0.550824 0.621027 -0.629530 0.466923 0.000000 1.000000
2 0.107667 -0.025060 0.506066 0.664298 -0.731506 0.153646 0.000000 1.000000
MaleBody_full.bmp
2 0.107667 -0.025060 0.506066 0.664298 -0.731506 0.153646 0.000000 1.000000
2 0.130330 0.018243 0.453550 0.968752 -0.154622 -0.193938 0.000000 1.000000
2 0.137980 0.021434 0.504918 0.990892 0.014433 0.133880 0.000000 1.000000
MaleBody_full.bmp
2 0.130330 0.018243 0.453550 0.968752 -0.154622 -0.193938 0.000000 1.000000
2 0.107667 -0.025060 0.506066 0.664298 -0.731506 0.153646 0.000000 1.000000
2 0.103835 -0.024129 0.460243 0.645011 -0.687651 -0.333312 0.000000 1.000000
MaleBody_full.bmp
2 0.103835 -0.024129 0.460243 0.645011 -0.687651 -0.333312 0.000000 1.000000
26 0.125979 0.021661 0.439090 0.961933 -0.065219 -0.265388 0.000000 1.000000
2 0.130330 0.018243 0.453550 0.968752 -0.154622 -0.193938 0.000000 1.000000
MaleBody_full.bmp
26 0.125979 0.021661 0.439090 0.961933 -0.065219 -0.265388 0.000000 1.000000
2 0.103835 -0.024129 0.460243 0.645011 -0.687651 -0.333312 0.000000 1.000000
2 0.075238 -0.031484 0.445266 0.388157 -0.683202 -0.618522 0.000000 1.000000
MaleBody_full.bmp
27 0.045604 0.059035 0.213393 -0.156551 0.913632 -0.375191 0.000000 1.000000
26 0.078144 0.069687 0.265788 0.674158 0.688552 -0.267221 0.000000 1.000000
27 0.087653 0.052400 0.215111 0.649681 0.754314 -0.094468 0.000000 1.000000
MaleBody_full.bmp
26 0.078144 0.069687 0.265788 0.674158 0.688552 -0.267221 0.000000 1.000000
27 0.045604 0.059035 0.213393 -0.156551 0.913632 -0.375191 0.000000 1.000000
26 0.030085 0.091247 0.268513 -0.499605 0.834477 -0.232471 0.000000 1.000000
MaleBody_full.bmp
27 0.087653 0.052400 0.215111 0.649681 0.754314 -0.094468 0.000000 1.000000
26 0.088414 0.031076 0.273053 0.921753 -0.375260 0.097727 0.000000 1.000000
27 0.114800 0.014425 0.231399 0.983746 0.052360 0.171763 0.000000 1.000000
MaleBody_full.bmp
26 0.088414 0.031076 0.273053 0.921753 -0.375260 0.097727 0.000000 1.000000
27 0.087653 0.052400 0.215111 0.649681 0.754314 -0.094468 0.000000 1.000000
26 0.078144 0.069687 0.265788 0.674158 0.688552 -0.267221 0.000000 1.000000
MaleBody_full.bmp
26 0.088414 0.031076 0.273053 0.921753 -0.375260 0.097727 0.000000 1.000000
27 0.054609 -0.025651 0.231650 0.091178 -0.921344 0.377905 0.000000 1.000000
27 0.114800 0.014425 0.231399 0.983746 0.052360 0.171763 0.000000 1.000000
MaleBody_full.bmp
27 0.054609 -0.025651 0.231650 0.091178 -0.921344 0.377905 0.000000 1.000000
26 0.088414 0.031076 0.273053 0.921753 -0.375260 0.097727 0.000000 1.000000
26 0.054373 0.008660 0.274841 -0.505515 -0.847551 0.161592 0.000000 1.000000
MaleBody_full.bmp
26 0.054373 0.008660 0.274841 -0.505515 -0.847551 0.161592 0.000000 1.000000
27 0.024605 0.013232 0.205295 -0.826075 -0.545340 0.142143 0.000000 1.000000
27 0.054609 -0.025651 0.231650 0.091178 -0.921344 0.377905 0.000000 1.000000
MaleBody_full.bmp
27 0.024605 0.013232 0.205295 -0.826075 -0.545340 0.142143 0.000000 1.000000
26 0.054373 0.008660 0.274841 -0.505515 -0.847551 0.161592 0.000000 1.000000
26 0.028867 0.041887 0.270649 -0.795220 -0.597256 0.104455 0.000000 1.000000
MaleBody_full.bmp
2 0.119810 0.036362 0.553204 0.879434 0.157982 0.449040 0.000000 1.000000
2 0.108253 0.067222 0.506753 0.708542 0.701660 0.075114 0.000000 1.000000
2 0.099869 0.070314 0.535336 0.643897 0.750360 0.149524 0.000000 1.000000
MaleBody_full.bmp
2 0.108253 0.067222 0.506753 0.708542 0.701660 0.075114 0.000000 1.000000
2 0.119810 0.036362 0.553204 0.879434 0.157982 0.449040 0.000000 1.000000
2 0.137980 0.021434 0.504918 0.990892 0.014433 0.133880 0.000000 1.000000
MaleBody_full.bmp
2 0.137980 0.021434 0.504918 0.990892 0.014433 0.133880 0.000000 1.000000
26 0.099955 0.074731 0.457532 0.682025 0.729359 -0.053642 0.000000 1.000000
2 0.108253 0.067222 0.506753 0.708542 0.701660 0.075114 0.000000 1.000000
MaleBody_full.bmp
26 0.099955 0.074731 0.457532 0.682025 0.729359 -0.053642 0.000000 1.000000
2 0.137980 0.021434 0.504918 0.990892 0.014433 0.133880 0.000000 1.000000
2 0.130330 0.018243 0.453550 0.968752 -0.154622 -0.193938 0.000000 1.000000
MaleBody_full.bmp
2 0.130330 0.018243 0.453550 0.968752 -0.154622 -0.193938 0.000000 1.000000
26 0.125979 0.021661 0.439090 0.961933 -0.065219 -0.265388 0.000000 1.000000
26 0.099955 0.074731 0.457532 0.682025 0.729359 -0.053642 0.000000 1.000000
MaleBody_full.bmp
3 0.099696 -0.008629 0.604984 0.722374 -0.636290 -0.270760 0.000000 1.000000
3 0.131364 0.012510 0.645016 0.850705 -0.395450 -0.346295 0.000000 1.000000
3 0.112183 -0.016477 0.651403 0.614783 -0.766686 -0.185022 0.000000 1.000000
MaleBody_full.bmp
3 0.134125 0.032550 0.647855 0.859792 0.329971 -0.389715 0.000000 1.000000
3 0.083907 0.067627 0.609434 0.614437 0.773610 -0.154904 0.000000 1.000000
3 0.103923 0.075835 0.651212 0.652850 0.666151 -0.360595 0.000000 1.000000
MaleBody_full.bmp
3 0.083907 0.067627 0.609434 0.614437 0.773610 -0.154904 0.000000 1.000000
3 0.134125 0.032550 0.647855 0.859792 0.329971 -0.389715 0.000000 1.000000
3 0.114959 0.028277 0.603935 0.950188 0.095746 -0.296608 0.000000 1.000000
MaleBody_full.bmp
3 0.083907 0.067627 0.609434 0.614437 0.773610 -0.154904 0.000000 1.000000
3 0.056935 0.091160 0.653588 0.071564 0.962267 -0.262529 0.000000 1.000000
3 0.103923 0.075835 0.651212 0.652850 0.666151 -0.360595 0.000000 1.000000
MaleBody_full.bmp
3 0.056935 0.091160 0.653588 0.071564 0.962267 -0.262529 0.000000 1.000000
3 0.083907 0.067627 0.609434 0.614437 0.773610 -0.154904 0.000000 1.000000
3 0.049275 0.081631 0.608996 -0.026678 0.999413 0.021511 0.000000 1.000000
MaleBody_full.bmp
3 0.005255 0.072207 0.666805 -0.464920 0.869709 -0.165697 0.000000 1.000000
3 0.049275 0.081631 0.608996 -0.026678 0.999413 0.021511 0.000000 1.000000
3 0.004091 0.062396 0.608848 -0.489545 0.865649 0.104874 0.000000 1.000000
MaleBody_full.bmp
3 0.049275 0.081631 0.608996 -0.026678 0.999413 0.021511 0.000000 1.000000
3 0.005255 0.072207 0.666805 -0.464920 0.869709 -0.165697 0.000000 1.000000
3 0.056935 0.091160 0.653588 0.071564 0.962267 -0.262529 0.000000 1.000000
MaleBody_full.bmp
9 0.145611 0.112706 0.681442 0.015107 0.988107 -0.153021 0.000000 1.000000
9 0.157274 0.100004 0.633823 0.173696 0.946885 -0.270628 0.000000 1.000000
9 0.098945 0.089818 0.695376 -0.335217 0.765338 -0.549443 0.000000 1.000000
MaleBody_full.bmp
9 0.157274 0.100004 0.633823 0.173696 0.946885 -0.270628 0.000000 1.000000
9 0.114837 0.059054 0.579371 -0.404036 0.864173 -0.299934 0.000000 1.000000
9 0.102739 0.075263 0.635786 -0.404365 0.868571 -0.286483 0.000000 1.000000
MaleBody_full.bmp
9 0.114837 0.059054 0.579371 -0.404036 0.864173 -0.299934 0.000000 1.000000
9 0.157274 0.100004 0.633823 0.173696 0.946885 -0.270628 0.000000 1.000000
9 0.158955 0.079400 0.578518 0.350976 0.911540 -0.214266 0.000000 1.000000
MaleBody_full.bmp
9 0.123135 0.034154 0.700701 -0.631985 -0.427615 0.646328 0.000000 1.000000
9 0.102739 0.075263 0.635786 -0.906045 -0.422712 -0.019935 0.000000 1.000000
9 0.129509 0.017327 0.652884 -0.193123 -0.971754 0.135635 0.000000 1.000000
MaleBody_full.bmp
9 0.102739 0.075263 0.635786 -0.906045 -0.422712 -0.019935 0.000000 1.000000
9 0.135110 0.014606 0.603320 -0.645257 -0.747874 0.155974 0.000000 1.000000
9 0.129509 0.017327 0.652884 -0.193123 -0.971754 0.135635 0.000000 1.000000
MaleBody_full.bmp
9 0.135110 0.014606 0.603320 -0.645257 -0.747874 0.155974 0.000000 1.000000
9 0.102739 0.075263 0.635786 -0.906045 -0.422712 -0.019935 0.000000 1.000000
9 0.114837 0.059054 0.579371 -0.916618 -0.398028 0.037207 0.000000 1.000000
MaleBody_full.bmp
9 0.133783 0.031153 0.703157 0.016989 -0.856718 0.515505 0.000000 1.000000
9 0.184158 0.042117 0.651225 0.968535 -0.227367 0.101210 0.000000 1.000000
9 0.171782 0.054427 0.697790 0.925555 -0.288284 0.245441 0.000000 1.000000
MaleBody_full.bmp
9 0.133783 0.031153 0.703157 0.016989 -0.856718 0.515505 0.000000 1.000000
9 0.129509 0.017327 0.652884 -0.193123 -0.971754 0.135635 0.000000 1.000000
9 0.184158 0.042117 0.651225 0.968535 -0.227367 0.101210 0.000000 1.000000
MaleBody_full.bmp
9 0.133783 0.031153 0.703157 0.016989 -0.856718 0.515505 0.000000 1.000000
9 0.123135 0.034154 0.700701 -0.631985 -0.427615 0.646328 0.000000 1.000000
9 0.129509 0.017327 0.652884 -0.193123 -0.971754 0.135635 0.000000 1.000000
MaleBody_full.bmp
9 0.129509 0.017327 0.652884 -0.193123 -0.971754 0.135635 0.000000 1.000000
9 0.179107 0.034853 0.602498 0.866845 -0.431443 0.249872 0.000000 1.000000
9 0.184158 0.042117 0.651225 0.968535 -0.227367 0.101210 0.000000 1.000000
MaleBody_full.bmp
9 0.179107 0.034853 0.602498 0.866845 -0.431443 0.249872 0.000000 1.000000
9 0.129509 0.017327 0.652884 -0.193123 -0.971754 0.135635 0.000000 1.000000
9 0.135110 0.014606 0.603320 -0.645257 -0.747874 0.155974 0.000000 1.000000
MaleBody_full.bmp
9 0.164120 0.090561 0.689393 0.856431 0.500809 0.125366 0.000000 1.000000
9 0.184158 0.042117 0.651225 0.968535 -0.227367 0.101210 0.000000 1.000000
9 0.157274 0.100004 0.633823 0.173696 0.946885 -0.270628 0.000000 1.000000
MaleBody_full.bmp
9 0.184158 0.042117 0.651225 0.968535 -0.227367 0.101210 0.000000 1.000000
9 0.158955 0.079400 0.578518 0.350976 0.911540 -0.214266 0.000000 1.000000
9 0.157274 0.100004 0.633823 0.173696 0.946885 -0.270628 0.000000 1.000000
MaleBody_full.bmp
9 0.158955 0.079400 0.578518 0.350976 0.911540 -0.214266 0.000000 1.000000
9 0.184158 0.042117 0.651225 0.968535 -0.227367 0.101210 0.000000 1.000000
9 0.179107 0.034853 0.602498 0.866845 -0.431443 0.249872 0.000000 1.000000
MaleBody_full.bmp
10 0.164496 0.076286 0.550190 0.337963 0.917311 -0.210526 0.000000 1.000000
10 0.131738 0.032804 0.492311 -0.405045 0.817261 -0.409906 0.000000 1.000000
10 0.113532 0.049897 0.547614 -0.422878 0.864678 -0.271120 0.000000 1.000000
MaleBody_full.bmp
10 0.131738 0.032804 0.492311 -0.405045 0.817261 -0.409906 0.000000 1.000000
10 0.164496 0.076286 0.550190 0.337963 0.917311 -0.210526 0.000000 1.000000
10 0.163579 0.050641 0.496238 0.373142 0.824750 -0.424915 0.000000 1.000000
MaleBody_full.bmp
10 0.163579 0.050641 0.496238 0.373142 0.824750 -0.424915 0.000000 1.000000
10 0.142192 0.016532 0.454659 -0.400459 0.832072 -0.383781 0.000000 1.000000
10 0.131738 0.032804 0.492311 -0.405045 0.817261 -0.409906 0.000000 1.000000
MaleBody_full.bmp
10 0.142192 0.016532 0.454659 -0.400459 0.832072 -0.383781 0.000000 1.000000
10 0.163579 0.050641 0.496238 0.373142 0.824750 -0.424915 0.000000 1.000000
10 0.165889 0.026740 0.451985 0.470771 0.861321 -0.191052 0.000000 1.000000
MaleBody_full.bmp
10 0.113532 0.049897 0.547614 -0.882253 -0.470449 -0.017505 0.000000 1.000000
10 0.161108 -0.009243 0.517676 -0.243200 -0.969477 0.031109 0.000000 1.000000
10 0.137510 -0.000721 0.575438 -0.021916 -0.948930 0.314725 0.000000 1.000000
MaleBody_full.bmp
10 0.161108 -0.009243 0.517676 -0.243200 -0.969477 0.031109 0.000000 1.000000
10 0.113532 0.049897 0.547614 -0.882253 -0.470449 -0.017505 0.000000 1.000000
10 0.131738 0.032804 0.492311 -0.806205 -0.591317 -0.019427 0.000000 1.000000
MaleBody_full.bmp
10 0.131738 0.032804 0.492311 -0.806205 -0.591317 -0.019427 0.000000 1.000000
10 0.163582 -0.011583 0.472343 -0.429668 -0.857199 0.283894 0.000000 1.000000
10 0.161108 -0.009243 0.517676 -0.243200 -0.969477 0.031109 0.000000 1.000000
MaleBody_full.bmp
10 0.163582 -0.011583 0.472343 -0.429668 -0.857199 0.283894 0.000000 1.000000
10 0.131738 0.032804 0.492311 -0.806205 -0.591317 -0.019427 0.000000 1.000000
10 0.142192 0.016532 0.454659 -0.874057 -0.414301 0.253731 0.000000 1.000000
MaleBody_full.bmp
10 0.137510 -0.000721 0.575438 -0.021916 -0.948930 0.314725 0.000000 1.000000
10 0.185323 0.004823 0.520816 0.939329 -0.338552 0.055169 0.000000 1.000000
10 0.188302 0.025343 0.578067 0.979269 -0.137916 0.148364 0.000000 1.000000
MaleBody_full.bmp
10 0.185323 0.004823 0.520816 0.939329 -0.338552 0.055169 0.000000 1.000000
10 0.137510 -0.000721 0.575438 -0.021916 -0.948930 0.314725 0.000000 1.000000
10 0.161108 -0.009243 0.517676 -0.243200 -0.969477 0.031109 0.000000 1.000000
MaleBody_full.bmp
10 0.161108 -0.009243 0.517676 -0.243200 -0.969477 0.031109 0.000000 1.000000
10 0.180872 -0.004349 0.467353 0.785980 -0.551029 0.280361 0.000000 1.000000
10 0.185323 0.004823 0.520816 0.939329 -0.338552 0.055169 0.000000 1.000000
MaleBody_full.bmp
10 0.180872 -0.004349 0.467353 0.785980 -0.551029 0.280361 0.000000 1.000000
10 0.161108 -0.009243 0.517676 -0.243200 -0.969477 0.031109 0.000000 1.000000
10 0.163582 -0.011583 0.472343 -0.429668 -0.857199 0.283894 0.000000 1.000000
MaleBody_full.bmp
10 0.188302 0.025343 0.578067 0.979269 -0.137916 0.148364 0.000000 1.000000
10 0.163579 0.050641 0.496238 0.373142 0.824750 -0.424915 0.000000 1.000000
10 0.164496 0.076286 0.550190 0.337963 0.917311 -0.210526 0.000000 1.000000
MaleBody_full.bmp
10 0.163579 0.050641 0.496238 0.373142 0.824750 -0.424915 0.000000 1.000000
10 0.188302 0.025343 0.578067 0.979269 -0.137916 0.148364 0.000000 1.000000
10 0.185323 0.004823 0.520816 0.939329 -0.338552 0.055169 0.000000 1.000000
MaleBody_full.bmp
10 0.185323 0.004823 0.520816 0.939329 -0.338552 0.055169 0.000000 1.000000
10 0.165889 0.026740 0.451985 0.470771 0.861321 -0.191052 0.000000 1.000000
10 0.163579 0.050641 0.496238 0.373142 0.824750 -0.424915 0.000000 1.000000
MaleBody_full.bmp
10 0.165889 0.026740 0.451985 0.470771 0.861321 -0.191052 0.000000 1.000000
10 0.185323 0.004823 0.520816 0.939329 -0.338552 0.055169 0.000000 1.000000
10 0.180872 -0.004349 0.467353 0.785980 -0.551029 0.280361 0.000000 1.000000
MaleBody_full.bmp
14 0.156475 -0.046994 0.344510 -0.815853 0.016833 -0.578015 0.000000 1.000000
14 0.163370 -0.061316 0.399319 -0.680115 -0.685985 0.258591 0.000000 1.000000
14 0.145392 -0.037972 0.361233 -0.996640 0.027145 0.077275 0.000000 1.000000
MaleBody_full.bmp
14 0.163370 -0.061316 0.399319 -0.680115 -0.685985 0.258591 0.000000 1.000000
14 0.156475 -0.046994 0.344510 -0.815853 0.016833 -0.578015 0.000000 1.000000
14 0.174103 -0.069841 0.382489 -0.705922 -0.701940 -0.094629 0.000000 1.000000
MaleBody_full.bmp
12 0.140090 -0.014431 0.376044 -0.651471 -0.550439 -0.522114 0.000000 1.000000
12 0.154856 -0.017060 0.368593 0.135912 -0.872172 -0.469941 0.000000 1.000000
12 0.147126 -0.022881 0.373832 -0.381310 -0.923840 0.033498 0.000000 1.000000
MaleBody_full.bmp
12 0.154856 -0.017060 0.368593 0.135912 -0.872172 -0.469941 0.000000 1.000000
12 0.140090 -0.014431 0.376044 -0.651471 -0.550439 -0.522114 0.000000 1.000000
12 0.143854 -0.007082 0.367802 -0.451649 -0.553475 -0.699771 0.000000 1.000000
MaleBody_full.bmp
11 0.156057 -0.032335 0.446295 -0.326509 -0.853168 0.406813 0.000000 1.000000
11 0.161296 -0.001968 0.394376 -0.657026 -0.749276 0.083074 0.000000 1.000000
11 0.174448 -0.047527 0.417541 -0.447882 -0.687360 0.571785 0.000000 1.000000
MaleBody_full.bmp
11 0.161296 -0.001968 0.394376 -0.657026 -0.749276 0.083074 0.000000 1.000000
11 0.156057 -0.032335 0.446295 -0.326509 -0.853168 0.406813 0.000000 1.000000
11 0.137483 0.004706 0.418815 -0.618111 -0.784718 0.046434 0.000000 1.000000
MaleBody_full.bmp
11 0.156057 -0.032335 0.446295 -0.326509 -0.853168 0.406813 0.000000 1.000000
11 0.192842 -0.043989 0.410668 0.929776 -0.347804 0.120616 0.000000 1.000000
11 0.190535 -0.016774 0.447062 0.936519 -0.057935 0.345797 0.000000 1.000000
MaleBody_full.bmp
11 0.192842 -0.043989 0.410668 0.929776 -0.347804 0.120616 0.000000 1.000000
11 0.156057 -0.032335 0.446295 -0.326509 -0.853168 0.406813 0.000000 1.000000
11 0.174448 -0.047527 0.417541 -0.447882 -0.687360 0.571785 0.000000 1.000000
MaleBody_full.bmp
11 0.171821 0.022832 0.419075 0.347319 0.899278 -0.265837 0.000000 1.000000
11 0.192842 -0.043989 0.410668 0.929776 -0.347804 0.120616 0.000000 1.000000
11 0.180344 0.000292 0.389033 0.805715 0.444120 -0.391894 0.000000 1.000000
MaleBody_full.bmp
11 0.192842 -0.043989 0.410668 0.929776 -0.347804 0.120616 0.000000 1.000000
11 0.171821 0.022832 0.419075 0.347319 0.899278 -0.265837 0.000000 1.000000
11 0.190535 -0.016774 0.447062 0.936519 -0.057935 0.345797 0.000000 1.000000
MaleBody_full.bmp
9 0.179107 0.034853 0.602498 0.866845 -0.431443 0.249872 0.000000 1.000000
10 0.164496 0.076286 0.550190 0.337963 0.917311 -0.210526 0.000000 1.000000
9 0.158955 0.079400 0.578518 0.350976 0.911540 -0.214266 0.000000 1.000000
MaleBody_full.bmp
10 0.164496 0.076286 0.550190 0.337963 0.917311 -0.210526 0.000000 1.000000
9 0.179107 0.034853 0.602498 0.866845 -0.431443 0.249872 0.000000 1.000000
10 0.188302 0.025343 0.578067 0.979269 -0.137916 0.148364 0.000000 1.000000
MaleBody_full.bmp
9 0.158955 0.079400 0.578518 0.350976 0.911540 -0.214266 0.000000 1.000000
10 0.113532 0.049897 0.547614 -0.422878 0.864678 -0.271120 0.000000 1.000000
9 0.114837 0.059054 0.579371 -0.404036 0.864173 -0.299934 0.000000 1.000000
MaleBody_full.bmp
10 0.113532 0.049897 0.547614 -0.422878 0.864678 -0.271120 0.000000 1.000000
9 0.158955 0.079400 0.578518 0.350976 0.911540 -0.214266 0.000000 1.000000
10 0.164496 0.076286 0.550190 0.337963 0.917311 -0.210526 0.000000 1.000000
MaleBody_full.bmp
9 0.135110 0.014606 0.603320 -0.645257 -0.747874 0.155974 0.000000 1.000000
10 0.113532 0.049897 0.547614 -0.882253 -0.470449 -0.017505 0.000000 1.000000
10 0.137510 -0.000721 0.575438 -0.021916 -0.948930 0.314725 0.000000 1.000000
MaleBody_full.bmp
10 0.113532 0.049897 0.547614 -0.882253 -0.470449 -0.017505 0.000000 1.000000
9 0.135110 0.014606 0.603320 -0.645257 -0.747874 0.155974 0.000000 1.000000
9 0.114837 0.059054 0.579371 -0.916618 -0.398028 0.037207 0.000000 1.000000
MaleBody_full.bmp
10 0.137510 -0.000721 0.575438 -0.021916 -0.948930 0.314725 0.000000 1.000000
9 0.179107 0.034853 0.602498 0.866845 -0.431443 0.249872 0.000000 1.000000
9 0.135110 0.014606 0.603320 -0.645257 -0.747874 0.155974 0.000000 1.000000
MaleBody_full.bmp
9 0.179107 0.034853 0.602498 0.866845 -0.431443 0.249872 0.000000 1.000000
10 0.137510 -0.000721 0.575438 -0.021916 -0.948930 0.314725 0.000000 1.000000
10 0.188302 0.025343 0.578067 0.979269 -0.137916 0.148364 0.000000 1.000000
MaleBody_full.bmp
8 0.153039 0.076038 0.751436 0.786885 0.237961 0.569374 0.000000 1.000000
9 0.164120 0.090561 0.689393 0.856431 0.500809 0.125366 0.000000 1.000000
8 0.145324 0.104195 0.745027 0.328488 0.696599 0.637845 0.000000 1.000000
MaleBody_full.bmp
9 0.164120 0.090561 0.689393 0.856431 0.500809 0.125366 0.000000 1.000000
8 0.153039 0.076038 0.751436 0.786885 0.237961 0.569374 0.000000 1.000000
9 0.171782 0.054427 0.697790 0.925555 -0.288284 0.245441 0.000000 1.000000
MaleBody_full.bmp
8 0.145324 0.104195 0.745027 0.328488 0.696599 0.637845 0.000000 1.000000
8 0.126432 0.068074 0.765782 0.301141 0.351099 0.886591 0.000000 1.000000
8 0.153039 0.076038 0.751436 0.786885 0.237961 0.569374 0.000000 1.000000
MaleBody_full.bmp
8 0.126432 0.068074 0.765782 0.301141 0.351099 0.886591 0.000000 1.000000
8 0.145324 0.104195 0.745027 0.328488 0.696599 0.637845 0.000000 1.000000
8 0.113723 0.088595 0.757514 -0.022553 0.652191 0.757719 0.000000 1.000000
MaleBody_full.bmp
3 0.131364 0.012510 0.645016 0.850705 -0.395450 -0.346295 0.000000 1.000000
4 0.123812 -0.014526 0.692782 0.651401 -0.757442 0.044243 0.000000 1.000000
3 0.112183 -0.016477 0.651403 0.614783 -0.766686 -0.185022 0.000000 1.000000
MaleBody_full.bmp
4 0.123812 -0.014526 0.692782 0.651401 -0.757442 0.044243 0.000000 1.000000
3 0.131364 0.012510 0.645016 0.850705 -0.395450 -0.346295 0.000000 1.000000
4 0.149310 0.015813 0.686246 0.944699 -0.286361 -0.159817 0.000000 1.000000
MaleBody_full.bmp
8 0.126432 0.068074 0.765782 0.518169 0.495269 0.697287 0.000000 1.000000
4 0.090926 0.079571 0.782952 0.724067 0.451373 0.521525 0.000000 1.000000
4 0.094210 0.055163 0.797549 0.754629 0.053212 0.653991 0.000000 1.000000
MaleBody_full.bmp
8 0.128384 0.115167 0.726320 -0.035022 0.996973 0.069417 0.000000 1.000000
8 0.104685 0.102229 0.712994 -0.370256 0.921961 -0.113573 0.000000 1.000000
8 0.101421 0.101663 0.734877 -0.290520 0.868918 0.400723 0.000000 1.000000
MaleBody_full.bmp
8 0.104685 0.102229 0.712994 -0.370256 0.921961 -0.113573 0.000000 1.000000
8 0.128384 0.115167 0.726320 -0.035022 0.996973 0.069417 0.000000 1.000000
8 0.123243 0.107109 0.703157 -0.304974 0.856002 -0.417435 0.000000 1.000000
MaleBody_full.bmp
9 0.145611 0.112706 0.681442 0.015107 0.988107 -0.153021 0.000000 1.000000
8 0.123243 0.107109 0.703157 -0.304974 0.856002 -0.417435 0.000000 1.000000
8 0.128384 0.115167 0.726320 -0.035022 0.996973 0.069417 0.000000 1.000000
MaleBody_full.bmp
4 0.155585 0.033875 0.725104 0.915603 -0.386956 0.109254 0.000000 1.000000
4 0.119722 0.028764 0.780021 0.521163 -0.528990 0.669745 0.000000 1.000000
4 0.128227 0.001614 0.730754 0.658752 -0.682977 0.315576 0.000000 1.000000
MaleBody_full.bmp
4 0.155585 0.033875 0.725104 0.915603 -0.386956 0.109254 0.000000 1.000000
4 0.144194 0.043703 0.766405 0.737339 -0.201633 0.644729 0.000000 1.000000
4 0.119722 0.028764 0.780021 0.521163 -0.528990 0.669745 0.000000 1.000000
MaleBody_full.bmp
4 0.155585 0.033875 0.725104 0.915603 -0.386956 0.109254 0.000000 1.000000
4 0.156805 0.039243 0.727484 0.978864 -0.194653 -0.062738 0.000000 1.000000
4 0.144194 0.043703 0.766405 0.737339 -0.201633 0.644729 0.000000 1.000000
MaleBody_full.bmp
4 0.077222 -0.023920 0.741925 0.449245 -0.776337 0.442132 0.000000 1.000000
4 0.119722 0.028764 0.780021 0.521163 -0.528990 0.669745 0.000000 1.000000
4 0.074817 0.015441 0.787221 0.303416 -0.642285 0.703853 0.000000 1.000000
MaleBody_full.bmp
4 0.119722 0.028764 0.780021 0.521163 -0.528990 0.669745 0.000000 1.000000
4 0.077222 -0.023920 0.741925 0.449245 -0.776337 0.442132 0.000000 1.000000
4 0.128227 0.001614 0.730754 0.658752 -0.682977 0.315576 0.000000 1.000000
MaleBody_full.bmp
8 0.153039 0.076038 0.751436 0.786885 0.237961 0.569374 0.000000 1.000000
8 0.126432 0.068074 0.765782 0.301141 0.351099 0.886591 0.000000 1.000000
4 0.144194 0.043703 0.766405 0.818226 -0.018086 0.574613 0.000000 1.000000
MaleBody_full.bmp
9 0.171782 0.054427 0.697790 0.925555 -0.288284 0.245441 0.000000 1.000000
4 0.156805 0.039243 0.727484 0.559270 -0.593455 0.578816 0.000000 1.000000
9 0.133783 0.031153 0.703157 0.016989 -0.856718 0.515505 0.000000 1.000000
MaleBody_full.bmp
9 0.171782 0.054427 0.697790 0.925555 -0.288284 0.245441 0.000000 1.000000
4 0.144194 0.043703 0.766405 0.818226 -0.018086 0.574613 0.000000 1.000000
4 0.156805 0.039243 0.727484 0.559270 -0.593455 0.578816 0.000000 1.000000
MaleBody_full.bmp
9 0.171782 0.054427 0.697790 0.925555 -0.288284 0.245441 0.000000 1.000000
8 0.153039 0.076038 0.751436 0.786885 0.237961 0.569374 0.000000 1.000000
4 0.144194 0.043703 0.766405 0.818226 -0.018086 0.574613 0.000000 1.000000
MaleBody_full.bmp
4 0.119061 0.074340 0.697607 -0.288374 -0.212623 0.933612 0.000000 1.000000
9 0.123135 0.034154 0.700701 -0.631985 -0.427615 0.646328 0.000000 1.000000
4 0.151312 0.045162 0.716110 -0.691807 -0.204640 0.692478 0.000000 1.000000
MaleBody_full.bmp
9 0.123135 0.034154 0.700701 -0.631985 -0.427615 0.646328 0.000000 1.000000
4 0.119061 0.074340 0.697607 -0.288374 -0.212623 0.933612 0.000000 1.000000
9 0.098945 0.089818 0.695376 -0.493660 -0.183902 0.849988 0.000000 1.000000
MaleBody_full.bmp
3 0.103923 0.075835 0.651212 0.652850 0.666151 -0.360595 0.000000 1.000000
4 0.136596 0.043825 0.678690 0.709470 0.670434 -0.217187 0.000000 1.000000
3 0.134125 0.032550 0.647855 0.859792 0.329971 -0.389715 0.000000 1.000000
MaleBody_full.bmp
4 0.136596 0.043825 0.678690 0.709470 0.670434 -0.217187 0.000000 1.000000
3 0.103923 0.075835 0.651212 0.652850 0.666151 -0.360595 0.000000 1.000000
4 0.114779 0.070329 0.672660 0.892738 0.404455 -0.198581 0.000000 1.000000
MaleBody_full.bmp
4 0.108427 0.102452 0.698686 -0.193141 -0.110476 0.974931 0.000000 1.000000
9 0.098945 0.089818 0.695376 -0.493660 -0.183902 0.849988 0.000000 1.000000
4 0.119061 0.074340 0.697607 -0.288374 -0.212623 0.933612 0.000000 1.000000
MaleBody_full.bmp
4 0.110362 0.084150 0.673571 0.638261 0.669962 -0.379175 0.000000 1.000000
4 0.114779 0.070329 0.672660 0.892738 0.404455 -0.198581 0.000000 1.000000
3 0.103923 0.075835 0.651212 0.652850 0.666151 -0.360595 0.000000 1.000000
MaleBody_full.bmp
4 0.136596 0.043825 0.678690 0.709470 0.670434 -0.217187 0.000000 1.000000
4 0.148752 0.032755 0.682270 0.893048 0.345724 -0.287993 0.000000 1.000000
3 0.134125 0.032550 0.647855 0.859792 0.329971 -0.389715 0.000000 1.000000
MaleBody_full.bmp
10 0.165889 0.026740 0.451985 0.470771 0.861321 -0.191052 0.000000 1.000000
11 0.137483 0.004706 0.418815 -0.437001 0.867337 -0.238238 0.000000 1.000000
10 0.142192 0.016532 0.454659 -0.400459 0.832072 -0.383781 0.000000 1.000000
MaleBody_full.bmp
11 0.137483 0.004706 0.418815 -0.437001 0.867337 -0.238238 0.000000 1.000000
10 0.165889 0.026740 0.451985 0.470771 0.861321 -0.191052 0.000000 1.000000
11 0.171821 0.022832 0.419075 0.347319 0.899278 -0.265837 0.000000 1.000000
MaleBody_full.bmp
10 0.165889 0.026740 0.451985 0.470771 0.861321 -0.191052 0.000000 1.000000
11 0.190535 -0.016774 0.447062 0.936519 -0.057935 0.345797 0.000000 1.000000
11 0.171821 0.022832 0.419075 0.347319 0.899278 -0.265837 0.000000 1.000000
MaleBody_full.bmp
11 0.190535 -0.016774 0.447062 0.936519 -0.057935 0.345797 0.000000 1.000000
10 0.165889 0.026740 0.451985 0.470771 0.861321 -0.191052 0.000000 1.000000
10 0.180872 -0.004349 0.467353 0.785980 -0.551029 0.280361 0.000000 1.000000
MaleBody_full.bmp
10 0.180872 -0.004349 0.467353 0.785980 -0.551029 0.280361 0.000000 1.000000
11 0.156057 -0.032335 0.446295 -0.326509 -0.853168 0.406813 0.000000 1.000000
11 0.190535 -0.016774 0.447062 0.936519 -0.057935 0.345797 0.000000 1.000000
MaleBody_full.bmp
11 0.156057 -0.032335 0.446295 -0.326509 -0.853168 0.406813 0.000000 1.000000
10 0.180872 -0.004349 0.467353 0.785980 -0.551029 0.280361 0.000000 1.000000
10 0.163582 -0.011583 0.472343 -0.429668 -0.857199 0.283894 0.000000 1.000000
MaleBody_full.bmp
11 0.156057 -0.032335 0.446295 -0.326509 -0.853168 0.406813 0.000000 1.000000
10 0.142192 0.016532 0.454659 -0.874057 -0.414301 0.253731 0.000000 1.000000
11 0.137483 0.004706 0.418815 -0.618111 -0.784718 0.046434 0.000000 1.000000
MaleBody_full.bmp
10 0.142192 0.016532 0.454659 -0.874057 -0.414301 0.253731 0.000000 1.000000
11 0.156057 -0.032335 0.446295 -0.326509 -0.853168 0.406813 0.000000 1.000000
10 0.163582 -0.011583 0.472343 -0.429668 -0.857199 0.283894 0.000000 1.000000
MaleBody_full.bmp
4 0.094210 0.055163 0.797549 0.754629 0.053212 0.653991 0.000000 1.000000
5 0.088435 0.082828 0.810293 0.992213 -0.123128 -0.018758 0.000000 1.000000
5 0.085419 0.068831 0.826905 0.742238 -0.631603 0.223965 0.000000 1.000000
MaleBody_full.bmp
5 0.088435 0.082828 0.810293 0.992213 -0.123128 -0.018758 0.000000 1.000000
4 0.094210 0.055163 0.797549 0.754629 0.053212 0.653991 0.000000 1.000000
4 0.090926 0.079571 0.782952 0.724067 0.451373 0.521525 0.000000 1.000000
MaleBody_full.bmp
5 0.085419 0.068831 0.826905 0.742238 -0.631603 0.223965 0.000000 1.000000
4 0.070472 0.041496 0.808184 0.484370 -0.524626 0.700110 0.000000 1.000000
4 0.094210 0.055163 0.797549 0.754629 0.053212 0.653991 0.000000 1.000000
MaleBody_full.bmp
4 0.070472 0.041496 0.808184 0.484370 -0.524626 0.700110 0.000000 1.000000
5 0.085419 0.068831 0.826905 0.742238 -0.631603 0.223965 0.000000 1.000000
5 0.063947 0.063272 0.839831 0.389821 -0.798706 0.458376 0.000000 1.000000
MaleBody_full.bmp
11 0.174448 -0.047527 0.417541 -0.447882 -0.687360 0.571785 0.000000 1.000000
14 0.145392 -0.037972 0.361233 -0.996640 0.027145 0.077275 0.000000 1.000000
14 0.163370 -0.061316 0.399319 -0.680115 -0.685985 0.258591 0.000000 1.000000
MaleBody_full.bmp
14 0.145392 -0.037972 0.361233 -0.996640 0.027145 0.077275 0.000000 1.000000
11 0.174448 -0.047527 0.417541 -0.447882 -0.687360 0.571785 0.000000 1.000000
11 0.161296 -0.001968 0.394376 -0.657026 -0.749276 0.083074 0.000000 1.000000
MaleBody_full.bmp
11 0.161296 -0.001968 0.394376 -0.657026 -0.749276 0.083074 0.000000 1.000000
14 0.156475 -0.046994 0.344510 -0.815853 0.016833 -0.578015 0.000000 1.000000
14 0.145392 -0.037972 0.361233 -0.996640 0.027145 0.077275 0.000000 1.000000
MaleBody_full.bmp
14 0.156475 -0.046994 0.344510 -0.815853 0.016833 -0.578015 0.000000 1.000000
11 0.161296 -0.001968 0.394376 -0.657026 -0.749276 0.083074 0.000000 1.000000
11 0.180344 0.000292 0.389033 -0.201763 -0.406331 -0.891172 0.000000 1.000000
MaleBody_full.bmp
14 0.156475 -0.046994 0.344510 0.876140 -0.051954 -0.479248 0.000000 1.000000
11 0.192842 -0.043989 0.410668 0.929776 -0.347804 0.120616 0.000000 1.000000
14 0.174103 -0.069841 0.382489 0.602417 -0.760362 0.242783 0.000000 1.000000
MaleBody_full.bmp
11 0.192842 -0.043989 0.410668 0.929776 -0.347804 0.120616 0.000000 1.000000
14 0.156475 -0.046994 0.344510 0.876140 -0.051954 -0.479248 0.000000 1.000000
11 0.180344 0.000292 0.389033 0.805715 0.444120 -0.391894 0.000000 1.000000
MaleBody_full.bmp
14 0.174103 -0.069841 0.382489 0.602417 -0.760362 0.242783 0.000000 1.000000
11 0.174448 -0.047527 0.417541 -0.447882 -0.687360 0.571785 0.000000 1.000000
14 0.163370 -0.061316 0.399319 -0.680115 -0.685985 0.258591 0.000000 1.000000
MaleBody_full.bmp
11 0.174448 -0.047527 0.417541 -0.447882 -0.687360 0.571785 0.000000 1.000000
14 0.174103 -0.069841 0.382489 0.602417 -0.760362 0.242783 0.000000 1.000000
11 0.192842 -0.043989 0.410668 0.929776 -0.347804 0.120616 0.000000 1.000000
MaleBody_full.bmp
11 0.171821 0.022832 0.419075 0.347319 0.899278 -0.265837 0.000000 1.000000
12 0.137118 -0.004338 0.393001 -0.657589 0.717580 -0.229467 0.000000 1.000000
11 0.137483 0.004706 0.418815 -0.437001 0.867337 -0.238238 0.000000 1.000000
MaleBody_full.bmp
12 0.137118 -0.004338 0.393001 -0.657589 0.717580 -0.229467 0.000000 1.000000
11 0.171821 0.022832 0.419075 0.347319 0.899278 -0.265837 0.000000 1.000000
12 0.152275 0.008710 0.376538 -0.394570 0.769648 -0.501953 0.000000 1.000000
MaleBody_full.bmp
12 0.137118 -0.004338 0.393001 -0.311542 -0.752141 0.580710 0.000000 1.000000
11 0.161296 -0.001968 0.394376 -0.657026 -0.749276 0.083074 0.000000 1.000000
11 0.137483 0.004706 0.418815 -0.618111 -0.784718 0.046434 0.000000 1.000000
MaleBody_full.bmp
11 0.161296 -0.001968 0.394376 -0.657026 -0.749276 0.083074 0.000000 1.000000
12 0.137118 -0.004338 0.393001 -0.311542 -0.752141 0.580710 0.000000 1.000000
12 0.151367 -0.014613 0.390135 0.334818 -0.762539 0.553563 0.000000 1.000000
MaleBody_full.bmp
11 0.161296 -0.001968 0.394376 -0.657026 -0.749276 0.083074 0.000000 1.000000
12 0.170947 -0.001333 0.383353 0.467027 -0.845739 0.258091 0.000000 1.000000
11 0.180344 0.000292 0.389033 -0.201763 -0.406331 -0.891172 0.000000 1.000000
MaleBody_full.bmp
12 0.170947 -0.001333 0.383353 0.467027 -0.845739 0.258091 0.000000 1.000000
11 0.161296 -0.001968 0.394376 -0.657026 -0.749276 0.083074 0.000000 1.000000
12 0.151367 -0.014613 0.390135 0.334818 -0.762539 0.553563 0.000000 1.000000
MaleBody_full.bmp
12 0.170947 -0.001333 0.383353 0.416820 0.556440 -0.718773 0.000000 1.000000
11 0.171821 0.022832 0.419075 0.347319 0.899278 -0.265837 0.000000 1.000000
11 0.180344 0.000292 0.389033 0.805715 0.444120 -0.391894 0.000000 1.000000
MaleBody_full.bmp
11 0.171821 0.022832 0.419075 0.347319 0.899278 -0.265837 0.000000 1.000000
12 0.170947 -0.001333 0.383353 0.416820 0.556440 -0.718773 0.000000 1.000000
12 0.152275 0.008710 0.376538 -0.394570 0.769648 -0.501953 0.000000 1.000000
MaleBody_full.bmp
12 0.152275 0.008710 0.376538 -0.394570 0.769648 -0.501953 0.000000 1.000000
12 0.140090 -0.014431 0.376044 -0.865433 0.459939 -0.198701 0.000000 1.000000
12 0.137118 -0.004338 0.393001 -0.657589 0.717580 -0.229467 0.000000 1.000000
MaleBody_full.bmp
12 0.140090 -0.014431 0.376044 -0.865433 0.459939 -0.198701 0.000000 1.000000
12 0.152275 0.008710 0.376538 -0.394570 0.769648 -0.501953 0.000000 1.000000
12 0.143854 -0.007082 0.367802 -0.020073 0.539293 -0.841879 0.000000 1.000000
MaleBody_full.bmp
12 0.137118 -0.004338 0.393001 -0.311542 -0.752141 0.580710 0.000000 1.000000
12 0.147126 -0.022881 0.373832 -0.381310 -0.923840 0.033498 0.000000 1.000000
12 0.151367 -0.014613 0.390135 0.334818 -0.762539 0.553563 0.000000 1.000000
MaleBody_full.bmp
12 0.147126 -0.022881 0.373832 -0.381310 -0.923840 0.033498 0.000000 1.000000
12 0.137118 -0.004338 0.393001 -0.311542 -0.752141 0.580710 0.000000 1.000000
12 0.140090 -0.014431 0.376044 -0.651471 -0.550439 -0.522114 0.000000 1.000000
MaleBody_full.bmp
12 0.151367 -0.014613 0.390135 0.334818 -0.762539 0.553563 0.000000 1.000000
12 0.154856 -0.017060 0.368593 0.135912 -0.872172 -0.469941 0.000000 1.000000
12 0.170947 -0.001333 0.383353 0.467027 -0.845739 0.258091 0.000000 1.000000
MaleBody_full.bmp
12 0.154856 -0.017060 0.368593 0.135912 -0.872172 -0.469941 0.000000 1.000000
12 0.151367 -0.014613 0.390135 0.334818 -0.762539 0.553563 0.000000 1.000000
12 0.147126 -0.022881 0.373832 -0.381310 -0.923840 0.033498 0.000000 1.000000
MaleBody_full.bmp
12 0.170947 -0.001333 0.383353 0.416820 0.556440 -0.718773 0.000000 1.000000
12 0.143854 -0.007082 0.367802 -0.020073 0.539293 -0.841879 0.000000 1.000000
12 0.152275 0.008710 0.376538 -0.394570 0.769648 -0.501953 0.000000 1.000000
MaleBody_full.bmp
12 0.143854 -0.007082 0.367802 -0.020073 0.539293 -0.841879 0.000000 1.000000
12 0.170947 -0.001333 0.383353 0.416820 0.556440 -0.718773 0.000000 1.000000
12 0.154856 -0.017060 0.368593 0.400308 0.375109 -0.836090 0.000000 1.000000
MaleBody_full.bmp
28 0.094971 0.065187 0.021745 0.843882 0.331347 0.421987 0.000000 1.000000
28 0.064716 0.109725 -0.000295 0.422433 0.824824 0.375787 0.000000 1.000000
28 0.063395 0.102666 0.018353 -0.128571 0.728229 0.673166 0.000000 1.000000
MaleBody_full.bmp
28 0.064716 0.109725 -0.000295 0.422433 0.824824 0.375787 0.000000 1.000000
28 0.094971 0.065187 0.021745 0.843882 0.331347 0.421987 0.000000 1.000000
28 0.100530 0.072217 0.000052 0.904269 0.279888 0.322428 0.000000 1.000000
MaleBody_full.bmp
28 0.045417 -0.046360 0.034473 -0.835156 -0.493928 0.241968 0.000000 1.000000
28 0.043834 -0.008784 0.000809 -0.994571 -0.097123 0.037371 0.000000 1.000000
28 0.049164 -0.057310 0.001166 -0.430307 -0.872919 0.229886 0.000000 1.000000
MaleBody_full.bmp
28 0.043834 -0.008784 0.000809 -0.994571 -0.097123 0.037371 0.000000 1.000000
28 0.045417 -0.046360 0.034473 -0.835156 -0.493928 0.241968 0.000000 1.000000
28 0.042463 -0.006012 0.025741 -0.995217 -0.056908 0.079399 0.000000 1.000000
MaleBody_full.bmp
27 0.065835 -0.029914 0.085007 -0.248820 -0.835952 0.489155 0.000000 1.000000
28 0.086957 -0.045800 0.037490 0.618872 -0.746297 0.245028 0.000000 1.000000
27 0.087231 -0.020396 0.088162 0.918409 -0.335609 0.209503 0.000000 1.000000
MaleBody_full.bmp
28 0.086957 -0.045800 0.037490 0.618872 -0.746297 0.245028 0.000000 1.000000
27 0.065835 -0.029914 0.085007 -0.248820 -0.835952 0.489155 0.000000 1.000000
28 0.045417 -0.046360 0.034473 -0.835156 -0.493928 0.241968 0.000000 1.000000
MaleBody_full.bmp
28 0.088729 -0.011851 0.000815 0.994789 -0.098579 0.026016 0.000000 1.000000
28 0.086957 -0.045800 0.037490 0.618872 -0.746297 0.245028 0.000000 1.000000
28 0.084020 -0.057043 0.001140 0.677154 -0.716653 0.166947 0.000000 1.000000
MaleBody_full.bmp
28 0.086957 -0.045800 0.037490 0.618872 -0.746297 0.245028 0.000000 1.000000
28 0.088729 -0.011851 0.000815 0.994789 -0.098579 0.026016 0.000000 1.000000
28 0.089880 -0.009046 0.035736 0.998750 -0.039272 0.030912 0.000000 1.000000
MaleBody_full.bmp
27 0.058679 0.018527 0.067000 -0.069492 0.533625 0.842861 0.000000 1.000000
28 0.094971 0.065187 0.021745 0.843882 0.331347 0.421987 0.000000 1.000000
28 0.063395 0.102666 0.018353 -0.128571 0.728229 0.673166 0.000000 1.000000
MaleBody_full.bmp
28 0.094971 0.065187 0.021745 0.843882 0.331347 0.421987 0.000000 1.000000
27 0.058679 0.018527 0.067000 -0.069492 0.533625 0.842861 0.000000 1.000000
27 0.086796 0.000272 0.069074 0.897124 0.226370 0.379375 0.000000 1.000000
MaleBody_full.bmp
28 0.043834 -0.008784 0.000809 -0.994571 -0.097123 0.037371 0.000000 1.000000
28 0.035903 0.092184 0.015419 -0.860029 0.233084 0.453897 0.000000 1.000000
28 0.029776 0.099272 -0.000183 -0.627120 0.631757 0.455636 0.000000 1.000000
MaleBody_full.bmp
28 0.035903 0.092184 0.015419 -0.860029 0.233084 0.453897 0.000000 1.000000
28 0.043834 -0.008784 0.000809 -0.994571 -0.097123 0.037371 0.000000 1.000000
28 0.042463 -0.006012 0.025741 -0.995217 -0.056908 0.079399 0.000000 1.000000
MaleBody_full.bmp
28 0.043834 -0.008784 0.000809 -0.000351 -0.008537 -0.999964 0.000000 1.000000
28 0.100530 0.072217 0.000052 -0.000341 -0.009263 -0.999957 0.000000 1.000000
28 0.088729 -0.011851 0.000815 -0.000515 -0.007841 -0.999969 0.000000 1.000000
MaleBody_full.bmp
28 0.100530 0.072217 0.000052 -0.000341 -0.009263 -0.999957 0.000000 1.000000
28 0.043834 -0.008784 0.000809 -0.000351 -0.008537 -0.999964 0.000000 1.000000
28 0.029776 0.099272 -0.000183 -0.000270 -0.009391 -0.999956 0.000000 1.000000
MaleBody_full.bmp
28 0.088729 -0.011851 0.000815 0.994789 -0.098579 0.026016 0.000000 1.000000
28 0.094971 0.065187 0.021745 0.843882 0.331347 0.421987 0.000000 1.000000
28 0.089880 -0.009046 0.035736 0.998750 -0.039272 0.030912 0.000000 1.000000
MaleBody_full.bmp
28 0.094971 0.065187 0.021745 0.843882 0.331347 0.421987 0.000000 1.000000
28 0.088729 -0.011851 0.000815 0.994789 -0.098579 0.026016 0.000000 1.000000
28 0.100530 0.072217 0.000052 0.904269 0.279888 0.322428 0.000000 1.000000
MaleBody_full.bmp
2 0.043254 0.079139 0.500980 -0.365022 0.903873 -0.223100 0.000000 1.000000
26 0.051400 0.087453 0.463052 -0.375242 0.925977 0.041940 0.000000 1.000000
26 0.021193 0.042983 0.468165 -0.069629 0.926191 -0.370571 0.000000 1.000000
MaleBody_full.bmp
2 0.072541 0.086513 0.510476 0.229156 0.973390 -0.000082 0.000000 1.000000
26 0.051400 0.087453 0.463052 -0.375242 0.925977 0.041940 0.000000 1.000000
2 0.043254 0.079139 0.500980 -0.365022 0.903873 -0.223100 0.000000 1.000000
MaleBody_full.bmp
26 0.051400 0.087453 0.463052 -0.375242 0.925977 0.041940 0.000000 1.000000
26 0.042711 0.090499 0.365052 -0.651823 0.757706 0.031753 0.000000 1.000000
26 0.016444 0.043407 0.368185 -0.858218 0.513260 0.005131 0.000000 1.000000
MaleBody_full.bmp
26 0.042711 0.090499 0.365052 -0.651823 0.757706 0.031753 0.000000 1.000000
26 0.028867 0.041887 0.270649 -0.982722 0.183740 0.022276 0.000000 1.000000
26 0.016444 0.043407 0.368185 -0.858218 0.513260 0.005131 0.000000 1.000000
MaleBody_full.bmp
26 0.028867 0.041887 0.270649 -0.982722 0.183740 0.022276 0.000000 1.000000
26 0.042711 0.090499 0.365052 -0.651823 0.757706 0.031753 0.000000 1.000000
26 0.030085 0.091247 0.268513 -0.499605 0.834477 -0.232471 0.000000 1.000000
MaleBody_full.bmp
26 0.030085 0.091247 0.268513 -0.499605 0.834477 -0.232471 0.000000 1.000000
27 0.024605 0.013232 0.205295 -0.930629 0.293252 -0.218936 0.000000 1.000000
26 0.028867 0.041887 0.270649 -0.982722 0.183740 0.022276 0.000000 1.000000
MaleBody_full.bmp
27 0.024605 0.013232 0.205295 -0.930629 0.293252 -0.218936 0.000000 1.000000
26 0.030085 0.091247 0.268513 -0.499605 0.834477 -0.232471 0.000000 1.000000
27 0.045604 0.059035 0.213393 -0.156551 0.913632 -0.375191 0.000000 1.000000
MaleBody_full.bmp
27 0.024605 0.013232 0.205295 -0.930629 0.293252 -0.218936 0.000000 1.000000
27 0.048664 0.038539 0.142249 -0.430060 0.840872 -0.328607 0.000000 1.000000
27 0.037749 0.001783 0.148450 -0.933615 0.295249 -0.202957 0.000000 1.000000
MaleBody_full.bmp
27 0.048664 0.038539 0.142249 -0.430060 0.840872 -0.328607 0.000000 1.000000
27 0.024605 0.013232 0.205295 -0.930629 0.293252 -0.218936 0.000000 1.000000
27 0.045604 0.059035 0.213393 -0.156551 0.913632 -0.375191 0.000000 1.000000
MaleBody_full.bmp
27 0.037749 0.001783 0.148450 -0.933615 0.295249 -0.202957 0.000000 1.000000
27 0.058679 0.018527 0.067000 -0.644083 0.725931 -0.241207 0.000000 1.000000
28 0.049929 -0.003132 0.062105 -0.904410 0.399310 -0.150312 0.000000 1.000000
MaleBody_full.bmp
27 0.058679 0.018527 0.067000 -0.644083 0.725931 -0.241207 0.000000 1.000000
27 0.037749 0.001783 0.148450 -0.933615 0.295249 -0.202957 0.000000 1.000000
27 0.048664 0.038539 0.142249 -0.430060 0.840872 -0.328607 0.000000 1.000000
MaleBody_full.bmp
28 0.049929 -0.003132 0.062105 -0.881297 0.093615 0.463197 0.000000 1.000000
28 0.063395 0.102666 0.018353 -0.128571 0.728229 0.673166 0.000000 1.000000
28 0.035903 0.092184 0.015419 -0.860029 0.233084 0.453897 0.000000 1.000000
MaleBody_full.bmp
28 0.063395 0.102666 0.018353 -0.128571 0.728229 0.673166 0.000000 1.000000
28 0.049929 -0.003132 0.062105 -0.881297 0.093615 0.463197 0.000000 1.000000
27 0.058679 0.018527 0.067000 -0.069492 0.533625 0.842861 0.000000 1.000000
MaleBody_full.bmp
28 0.063395 0.102666 0.018353 -0.128571 0.728229 0.673166 0.000000 1.000000
28 0.029776 0.099272 -0.000183 -0.627120 0.631757 0.455636 0.000000 1.000000
28 0.035903 0.092184 0.015419 -0.860029 0.233084 0.453897 0.000000 1.000000
MaleBody_full.bmp
28 0.029776 0.099272 -0.000183 -0.627120 0.631757 0.455636 0.000000 1.000000
28 0.063395 0.102666 0.018353 -0.128571 0.728229 0.673166 0.000000 1.000000
28 0.064716 0.109725 -0.000295 0.422433 0.824824 0.375787 0.000000 1.000000
MaleBody_full.bmp
28 0.035903 0.092184 0.015419 -0.860029 0.233084 0.453897 0.000000 1.000000
28 0.042463 -0.006012 0.025741 -0.995217 -0.056908 0.079399 0.000000 1.000000
28 0.049929 -0.003132 0.062105 -0.881297 0.093615 0.463197 0.000000 1.000000
MaleBody_full.bmp
28 0.049929 -0.003132 0.062105 -0.881297 0.093615 0.463197 0.000000 1.000000
28 0.045417 -0.046360 0.034473 -0.835156 -0.493928 0.241968 0.000000 1.000000
27 0.065835 -0.029914 0.085007 -0.248820 -0.835952 0.489155 0.000000 1.000000
MaleBody_full.bmp
28 0.045417 -0.046360 0.034473 -0.835156 -0.493928 0.241968 0.000000 1.000000
28 0.049929 -0.003132 0.062105 -0.881297 0.093615 0.463197 0.000000 1.000000
28 0.042463 -0.006012 0.025741 -0.995217 -0.056908 0.079399 0.000000 1.000000
MaleBody_full.bmp
28 0.086957 -0.045800 0.037490 0.618872 -0.746297 0.245028 0.000000 1.000000
28 0.049164 -0.057310 0.001166 -0.430307 -0.872919 0.229886 0.000000 1.000000
28 0.084020 -0.057043 0.001140 0.677154 -0.716653 0.166947 0.000000 1.000000
MaleBody_full.bmp
28 0.049164 -0.057310 0.001166 -0.430307 -0.872919 0.229886 0.000000 1.000000
28 0.086957 -0.045800 0.037490 0.618872 -0.746297 0.245028 0.000000 1.000000
28 0.045417 -0.046360 0.034473 -0.835156 -0.493928 0.241968 0.000000 1.000000
MaleBody_full.bmp
27 0.087231 -0.020396 0.088162 0.918409 -0.335609 0.209503 0.000000 1.000000
28 0.089880 -0.009046 0.035736 0.998750 -0.039272 0.030912 0.000000 1.000000
27 0.086796 0.000272 0.069074 0.897124 0.226370 0.379375 0.000000 1.000000
MaleBody_full.bmp
28 0.089880 -0.009046 0.035736 0.998750 -0.039272 0.030912 0.000000 1.000000
27 0.087231 -0.020396 0.088162 0.918409 -0.335609 0.209503 0.000000 1.000000
28 0.086957 -0.045800 0.037490 0.618872 -0.746297 0.245028 0.000000 1.000000
MaleBody_full.bmp
28 0.089880 -0.009046 0.035736 0.998750 -0.039272 0.030912 0.000000 1.000000
28 0.094971 0.065187 0.021745 0.843882 0.331347 0.421987 0.000000 1.000000
27 0.086796 0.000272 0.069074 0.897124 0.226370 0.379375 0.000000 1.000000
MaleBody_full.bmp
2 0.078607 0.081378 0.561947 0.540187 0.812514 0.219133 0.000000 1.000000
2 0.099869 0.070314 0.535336 0.643897 0.750360 0.149524 0.000000 1.000000
2 0.072541 0.086513 0.510476 0.229156 0.973390 -0.000082 0.000000 1.000000
MaleBody_full.bmp
2 0.099869 0.070314 0.535336 0.643897 0.750360 0.149524 0.000000 1.000000
2 0.108253 0.067222 0.506753 0.708542 0.701660 0.075114 0.000000 1.000000
2 0.072541 0.086513 0.510476 0.229156 0.973390 -0.000082 0.000000 1.000000
MaleBody_full.bmp
26 0.021193 0.042983 0.468165 -0.069629 0.926191 -0.370571 0.000000 1.000000
2 0.036345 0.009536 0.450508 0.481457 0.448822 -0.752834 0.000000 1.000000
2 0.009983 0.053384 0.459790 0.254097 0.652283 -0.714116 0.000000 1.000000
MaleBody_full.bmp
6 0.098813 0.084692 0.796431 0.392427 -0.826003 -0.404624 0.000000 1.000000
6 0.079004 0.094738 0.781239 -0.041276 -0.884290 -0.465111 0.000000 1.000000
6 0.089850 0.097582 0.781801 0.525008 -0.459500 -0.716398 0.000000 1.000000
MaleBody_full.bmp
6 0.079004 0.094738 0.781239 -0.041276 -0.884290 -0.465111 0.000000 1.000000
6 0.098813 0.084692 0.796431 0.392427 -0.826003 -0.404624 0.000000 1.000000
5 0.076375 0.092595 0.799098 0.402462 -0.480428 -0.779239 0.000000 1.000000
MaleBody_full.bmp
6 0.098892 0.084700 0.827705 0.709732 -0.690317 -0.140506 0.000000 1.000000
5 0.085419 0.068831 0.826905 0.742238 -0.631603 0.223965 0.000000 1.000000
5 0.088435 0.082828 0.810293 0.992213 -0.123128 -0.018758 0.000000 1.000000
MaleBody_full.bmp
5 0.085419 0.068831 0.826905 0.742238 -0.631603 0.223965 0.000000 1.000000
6 0.098892 0.084700 0.827705 0.709732 -0.690317 -0.140506 0.000000 1.000000
6 0.095162 0.080406 0.851161 0.480166 -0.851766 0.209607 0.000000 1.000000
MaleBody_full.bmp
6 0.129647 0.195394 0.878409 0.662883 0.699766 0.266295 0.000000 1.000000
6 0.108986 0.213955 0.858129 0.351904 0.924817 0.144489 0.000000 1.000000
6 0.113409 0.204617 0.886136 0.560954 0.717603 0.412767 0.000000 1.000000
MaleBody_full.bmp
6 0.117090 0.176005 0.798943 0.515220 0.148054 -0.844173 0.000000 1.000000
6 0.101219 0.184878 0.797497 0.330070 0.332054 -0.883626 0.000000 1.000000
6 0.124831 0.191271 0.823228 0.580780 0.648120 -0.492581 0.000000 1.000000
MaleBody_full.bmp
6 0.098813 0.084692 0.796431 0.392427 -0.826003 -0.404624 0.000000 1.000000
6 0.103350 0.111913 0.790097 0.746330 -0.251106 -0.616391 0.000000 1.000000
6 0.114616 0.099607 0.814729 0.638743 -0.745768 -0.189306 0.000000 1.000000
MaleBody_full.bmp
6 0.103350 0.111913 0.790097 0.746330 -0.251106 -0.616391 0.000000 1.000000
6 0.098813 0.084692 0.796431 0.392427 -0.826003 -0.404624 0.000000 1.000000
6 0.089850 0.097582 0.781801 0.525008 -0.459500 -0.716398 0.000000 1.000000
MaleBody_full.bmp
6 0.101709 0.087142 0.810377 0.435677 -0.890808 -0.129022 0.000000 1.000000
6 0.114616 0.099607 0.814729 0.638743 -0.745768 -0.189306 0.000000 1.000000
6 0.129243 0.112017 0.848727 0.688635 -0.659394 0.301631 0.000000 1.000000
MaleBody_full.bmp
6 0.114616 0.099607 0.814729 0.638743 -0.745768 -0.189306 0.000000 1.000000
6 0.101709 0.087142 0.810377 0.435677 -0.890808 -0.129022 0.000000 1.000000
6 0.098813 0.084692 0.796431 0.392427 -0.826003 -0.404624 0.000000 1.000000
MaleBody_full.bmp
6 0.134031 0.133430 0.837746 0.973466 -0.078759 -0.214850 0.000000 1.000000
6 0.139601 0.181169 0.836445 0.894650 0.247198 -0.372148 0.000000 1.000000
6 0.148063 0.162828 0.855734 0.980047 -0.111795 -0.164343 0.000000 1.000000
MaleBody_full.bmp
6 0.139601 0.181169 0.836445 0.894650 0.247198 -0.372148 0.000000 1.000000
6 0.134031 0.133430 0.837746 0.973466 -0.078759 -0.214850 0.000000 1.000000
6 0.128840 0.149083 0.816054 0.847223 -0.078621 -0.525387 0.000000 1.000000
MaleBody_full.bmp
6 0.134031 0.133430 0.837746 0.973466 -0.078759 -0.214850 0.000000 1.000000
6 0.148063 0.162828 0.855734 0.980047 -0.111795 -0.164343 0.000000 1.000000
6 0.129243 0.112017 0.848727 0.688635 -0.659394 0.301631 0.000000 1.000000
MaleBody_full.bmp
6 0.095162 0.080406 0.851161 0.480166 -0.851766 0.209607 0.000000 1.000000
6 0.128095 0.104883 0.863898 0.703547 -0.708652 0.053232 0.000000 1.000000
6 0.121073 0.100601 0.886931 0.523573 -0.739676 0.422790 0.000000 1.000000
MaleBody_full.bmp
6 0.128095 0.104883 0.863898 0.703547 -0.708652 0.053232 0.000000 1.000000
6 0.095162 0.080406 0.851161 0.480166 -0.851766 0.209607 0.000000 1.000000
6 0.098892 0.084700 0.827705 0.709732 -0.690317 -0.140506 0.000000 1.000000
MaleBody_full.bmp
6 0.085374 0.106093 0.905671 0.280668 -0.653674 0.702805 0.000000 1.000000
6 0.134014 0.142584 0.907480 0.636623 -0.220125 0.739092 0.000000 1.000000
6 0.104467 0.147429 0.924553 0.472201 -0.104101 0.875322 0.000000 1.000000
MaleBody_full.bmp
6 0.134014 0.142584 0.907480 0.636623 -0.220125 0.739092 0.000000 1.000000
6 0.085374 0.106093 0.905671 0.280668 -0.653674 0.702805 0.000000 1.000000
6 0.121073 0.100601 0.886931 0.523573 -0.739676 0.422790 0.000000 1.000000
MaleBody_full.bmp
6 0.101709 0.087142 0.810377 0.435677 -0.890808 -0.129022 0.000000 1.000000
5 0.076375 0.092595 0.799098 0.402462 -0.480428 -0.779239 0.000000 1.000000
6 0.098813 0.084692 0.796431 0.392427 -0.826003 -0.404624 0.000000 1.000000
MaleBody_full.bmp
6 0.139601 0.181169 0.836445 0.894650 0.247198 -0.372148 0.000000 1.000000
6 0.117090 0.176005 0.798943 0.515220 0.148054 -0.844173 0.000000 1.000000
6 0.124831 0.191271 0.823228 0.580780 0.648120 -0.492581 0.000000 1.000000
MaleBody_full.bmp
6 0.120251 0.132605 0.803007 0.820557 -0.127841 -0.557085 0.000000 1.000000
6 0.091167 0.117214 0.776137 0.665377 -0.068310 -0.743376 0.000000 1.000000
6 0.105353 0.148785 0.785872 0.540054 0.264980 -0.798829 0.000000 1.000000
MaleBody_full.bmp
6 0.089850 0.097582 0.781801 0.525008 -0.459500 -0.716398 0.000000 1.000000
6 0.079004 0.094738 0.781239 -0.041276 -0.884290 -0.465111 0.000000 1.000000
6 0.068253 0.112419 0.756015 0.373399 -0.344436 -0.861358 0.000000 1.000000
MaleBody_full.bmp
6 0.068253 0.112419 0.756015 0.373399 -0.344436 -0.861358 0.000000 1.000000
6 0.047981 0.107049 0.766350 -0.420892 -0.714920 -0.558336 0.000000 1.000000
6 0.049128 0.122204 0.751655 -0.230044 0.095045 -0.968528 0.000000 1.000000
MaleBody_full.bmp
6 0.047981 0.107049 0.766350 -0.420892 -0.714920 -0.558336 0.000000 1.000000
6 0.068253 0.112419 0.756015 0.373399 -0.344436 -0.861358 0.000000 1.000000
6 0.079004 0.094738 0.781239 -0.041276 -0.884290 -0.465111 0.000000 1.000000
MaleBody_full.bmp
6 0.128257 0.200280 0.842707 0.682581 0.716382 -0.144500 0.000000 1.000000
6 0.139601 0.181169 0.836445 0.894650 0.247198 -0.372148 0.000000 1.000000
6 0.124831 0.191271 0.823228 0.580780 0.648120 -0.492581 0.000000 1.000000
MaleBody_full.bmp
6 0.143612 0.181922 0.867600 0.903677 0.423757 0.061637 0.000000 1.000000
6 0.147156 0.148379 0.887815 0.999098 0.005692 0.042072 0.000000 1.000000
6 0.148063 0.162828 0.855734 0.980047 -0.111795 -0.164343 0.000000 1.000000
MaleBody_full.bmp
6 0.147156 0.148379 0.887815 0.999098 0.005692 0.042072 0.000000 1.000000
6 0.143612 0.181922 0.867600 0.903677 0.423757 0.061637 0.000000 1.000000
6 0.141776 0.170308 0.895027 0.823981 0.474073 0.310339 0.000000 1.000000
MaleBody_full.bmp
6 0.104467 0.147429 0.924553 0.472201 -0.104101 0.875322 0.000000 1.000000
6 0.128047 0.175293 0.907465 0.563009 0.117373 0.818073 0.000000 1.000000
6 0.113086 0.180667 0.914862 0.476562 0.129934 0.869486 0.000000 1.000000
MaleBody_full.bmp
6 0.139601 0.181169 0.836445 0.894650 0.247198 -0.372148 0.000000 1.000000
6 0.143612 0.181922 0.867600 0.903677 0.423757 0.061637 0.000000 1.000000
6 0.148063 0.162828 0.855734 0.980047 -0.111795 -0.164343 0.000000 1.000000
MaleBody_full.bmp
5 0.063947 0.063272 0.839831 0.389821 -0.798706 0.458376 0.000000 1.000000
6 0.095162 0.080406 0.851161 0.480166 -0.851766 0.209607 0.000000 1.000000
6 0.070296 0.087199 0.873580 0.164493 -0.866546 0.471211 0.000000 1.000000
MaleBody_full.bmp
6 0.095162 0.080406 0.851161 0.480166 -0.851766 0.209607 0.000000 1.000000
5 0.063947 0.063272 0.839831 0.389821 -0.798706 0.458376 0.000000 1.000000
5 0.085419 0.068831 0.826905 0.742238 -0.631603 0.223965 0.000000 1.000000
MaleBody_full.bmp
6 0.070296 0.087199 0.873580 0.164493 -0.866546 0.471211 0.000000 1.000000
6 0.121073 0.100601 0.886931 0.523573 -0.739676 0.422790 0.000000 1.000000
6 0.085374 0.106093 0.905671 0.280668 -0.653674 0.702805 0.000000 1.000000
MaleBody_full.bmp
6 0.121073 0.100601 0.886931 0.523573 -0.739676 0.422790 0.000000 1.000000
6 0.070296 0.087199 0.873580 0.164493 -0.866546 0.471211 0.000000 1.000000
6 0.095162 0.080406 0.851161 0.480166 -0.851766 0.209607 0.000000 1.000000
MaleBody_full.bmp
6 0.134014 0.142584 0.907480 0.636623 -0.220125 0.739092 0.000000 1.000000
6 0.121073 0.100601 0.886931 0.523573 -0.739676 0.422790 0.000000 1.000000
6 0.147156 0.148379 0.887815 0.864226 -0.311883 0.394768 0.000000 1.000000
MaleBody_full.bmp
6 0.141776 0.170308 0.895027 0.764892 0.073312 0.639974 0.000000 1.000000
6 0.134014 0.142584 0.907480 0.636623 -0.220125 0.739092 0.000000 1.000000
6 0.147156 0.148379 0.887815 0.864226 -0.311883 0.394768 0.000000 1.000000
MaleBody_full.bmp
6 0.121440 0.099942 0.814329 0.581754 0.248520 -0.774467 0.000000 1.000000
6 0.144715 0.123706 0.848371 0.643856 0.267452 -0.716882 0.000000 1.000000
6 0.141678 0.103674 0.841813 0.798120 0.074720 -0.597848 0.000000 1.000000
MaleBody_full.bmp
6 0.144715 0.123706 0.848371 0.643856 0.267452 -0.716882 0.000000 1.000000
6 0.121440 0.099942 0.814329 0.581754 0.248520 -0.774467 0.000000 1.000000
6 0.130877 0.116389 0.835034 0.800297 0.126844 -0.586034 0.000000 1.000000
MaleBody_full.bmp
6 0.114616 0.099607 0.814729 0.638743 -0.745768 -0.189306 0.000000 1.000000
6 0.141678 0.103674 0.841813 0.004810 -0.833492 0.552511 0.000000 1.000000
6 0.129243 0.112017 0.848727 0.688635 -0.659394 0.301631 0.000000 1.000000
MaleBody_full.bmp
6 0.141678 0.103674 0.841813 0.004810 -0.833492 0.552511 0.000000 1.000000
6 0.114616 0.099607 0.814729 0.638743 -0.745768 -0.189306 0.000000 1.000000
6 0.121440 0.099942 0.814329 0.054361 -0.993997 0.094944 0.000000 1.000000
MaleBody_full.bmp
6 0.129243 0.112017 0.848727 0.688635 -0.659394 0.301631 0.000000 1.000000
6 0.144715 0.123706 0.848371 -0.044197 0.088803 0.995068 0.000000 1.000000
6 0.134031 0.133430 0.837746 0.973466 -0.078759 -0.214850 0.000000 1.000000
MaleBody_full.bmp
6 0.144715 0.123706 0.848371 -0.044197 0.088803 0.995068 0.000000 1.000000
6 0.129243 0.112017 0.848727 0.688635 -0.659394 0.301631 0.000000 1.000000
6 0.141678 0.103674 0.841813 0.004810 -0.833492 0.552511 0.000000 1.000000
MaleBody_full.bmp
6 0.134031 0.133430 0.837746 0.834580 -0.067457 -0.546741 0.000000 1.000000
6 0.130877 0.116389 0.835034 0.800297 0.126844 -0.586034 0.000000 1.000000
6 0.124975 0.120939 0.817863 0.730379 -0.015662 -0.682863 0.000000 1.000000
MaleBody_full.bmp
6 0.130877 0.116389 0.835034 0.800297 0.126844 -0.586034 0.000000 1.000000
6 0.134031 0.133430 0.837746 0.834580 -0.067457 -0.546741 0.000000 1.000000
6 0.144715 0.123706 0.848371 0.643856 0.267452 -0.716882 0.000000 1.000000
MaleBody_full.bmp
6 0.124975 0.120939 0.817863 0.730379 -0.015662 -0.682863 0.000000 1.000000
6 0.121440 0.099942 0.814329 0.581754 0.248520 -0.774467 0.000000 1.000000
6 0.114616 0.099607 0.814729 -0.066220 0.176438 -0.982082 0.000000 1.000000
MaleBody_full.bmp
6 0.121440 0.099942 0.814329 0.581754 0.248520 -0.774467 0.000000 1.000000
6 0.124975 0.120939 0.817863 0.730379 -0.015662 -0.682863 0.000000 1.000000
6 0.130877 0.116389 0.835034 0.800297 0.126844 -0.586034 0.000000 1.000000
MaleBody_full.bmp
6 0.113928 0.164233 0.799408 0.541773 0.108316 -0.833516 0.000000 1.000000
6 0.120251 0.132605 0.803007 0.820557 -0.127841 -0.557085 0.000000 1.000000
6 0.105353 0.148785 0.785872 0.540054 0.264980 -0.798829 0.000000 1.000000
MaleBody_full.bmp
6 0.120251 0.132605 0.803007 0.820557 -0.127841 -0.557085 0.000000 1.000000
6 0.113928 0.164233 0.799408 0.541773 0.108316 -0.833516 0.000000 1.000000
6 0.128840 0.149083 0.816054 0.847223 -0.078621 -0.525387 0.000000 1.000000
MaleBody_full.bmp
6 0.120251 0.132605 0.803007 0.820557 -0.127841 -0.557085 0.000000 1.000000
6 0.134031 0.133430 0.837746 0.973466 -0.078759 -0.214850 0.000000 1.000000
6 0.124975 0.120939 0.817863 0.874507 -0.205396 -0.439375 0.000000 1.000000
MaleBody_full.bmp
6 0.134031 0.133430 0.837746 0.973466 -0.078759 -0.214850 0.000000 1.000000
6 0.120251 0.132605 0.803007 0.820557 -0.127841 -0.557085 0.000000 1.000000
6 0.128840 0.149083 0.816054 0.847223 -0.078621 -0.525387 0.000000 1.000000
MaleBody_full.bmp
5 0.076375 0.092595 0.799098 0.402462 -0.480428 -0.779239 0.000000 1.000000
4 0.090926 0.079571 0.782952 0.346781 0.937155 -0.038526 0.000000 1.000000
4 0.074517 0.081849 0.770774 0.102329 0.994708 -0.009157 0.000000 1.000000
MaleBody_full.bmp
4 0.090926 0.079571 0.782952 0.346781 0.937155 -0.038526 0.000000 1.000000
5 0.076375 0.092595 0.799098 0.402462 -0.480428 -0.779239 0.000000 1.000000
5 0.088435 0.082828 0.810293 0.699033 -0.483387 -0.526963 0.000000 1.000000
MaleBody_full.bmp
4 0.090926 0.079571 0.782952 0.724067 0.451373 0.521525 0.000000 1.000000
8 0.126432 0.068074 0.765782 0.518169 0.495269 0.697287 0.000000 1.000000
8 0.113723 0.088595 0.757514 0.499763 0.571696 0.650692 0.000000 1.000000
MaleBody_full.bmp
5 0.088435 0.082828 0.810293 0.699033 -0.483387 -0.526963 0.000000 1.000000
6 0.101709 0.087142 0.810377 0.435677 -0.890808 -0.129022 0.000000 1.000000
6 0.098892 0.084700 0.827705 0.589498 -0.800159 -0.110623 0.000000 1.000000
MaleBody_full.bmp
6 0.101709 0.087142 0.810377 0.435677 -0.890808 -0.129022 0.000000 1.000000
5 0.088435 0.082828 0.810293 0.699033 -0.483387 -0.526963 0.000000 1.000000
5 0.076375 0.092595 0.799098 0.402462 -0.480428 -0.779239 0.000000 1.000000
MaleBody_full.bmp
6 0.101709 0.087142 0.810377 0.435677 -0.890808 -0.129022 0.000000 1.000000
6 0.129243 0.112017 0.848727 0.688635 -0.659394 0.301631 0.000000 1.000000
6 0.098892 0.084700 0.827705 0.589498 -0.800159 -0.110623 0.000000 1.000000
MaleBody_full.bmp
4 0.039792 0.085348 0.764191 -0.374024 0.927302 -0.014714 0.000000 1.000000
4 0.067585 0.089561 0.738446 -0.179383 0.969530 0.166834 0.000000 1.000000
4 0.033418 0.084052 0.741271 -0.339287 0.932345 0.124969 0.000000 1.000000
MaleBody_full.bmp
4 0.067585 0.089561 0.738446 -0.179383 0.969530 0.166834 0.000000 1.000000
4 0.039792 0.085348 0.764191 -0.374024 0.927302 -0.014714 0.000000 1.000000
4 0.074517 0.081849 0.770774 0.102329 0.994708 -0.009157 0.000000 1.000000
MaleBody_full.bmp
2 0.043254 0.079139 0.500980 -0.365022 0.903873 -0.223100 0.000000 1.000000
2 -0.000169 0.073610 0.555790 -0.518451 0.853973 -0.044024 0.000000 1.000000
2 0.038881 0.093056 0.557276 -0.155876 0.987020 0.038654 0.000000 1.000000
MaleBody_full.bmp
2 -0.000169 0.073610 0.555790 -0.518451 0.853973 -0.044024 0.000000 1.000000
2 0.043254 0.079139 0.500980 -0.365022 0.903873 -0.223100 0.000000 1.000000
2 0.002145 0.067533 0.493324 -0.438695 0.791929 -0.424729 0.000000 1.000000
MaleBody_full.bmp
2 0.061181 -0.027961 0.547335 0.435226 -0.779149 0.451116 0.000000 1.000000
2 0.107667 -0.025060 0.506066 0.664298 -0.731506 0.153646 0.000000 1.000000
2 0.097167 -0.006112 0.550824 0.621027 -0.629530 0.466923 0.000000 1.000000
MaleBody_full.bmp
2 0.107667 -0.025060 0.506066 0.664298 -0.731506 0.153646 0.000000 1.000000
2 0.061181 -0.027961 0.547335 0.435226 -0.779149 0.451116 0.000000 1.000000
2 0.071654 -0.046805 0.504209 0.496290 -0.840498 0.217393 0.000000 1.000000
MaleBody_full.bmp
2 0.107667 -0.025060 0.506066 0.664298 -0.731506 0.153646 0.000000 1.000000
2 0.070656 -0.046396 0.469923 0.491506 -0.840275 -0.228821 0.000000 1.000000
2 0.103835 -0.024129 0.460243 0.645011 -0.687651 -0.333312 0.000000 1.000000
MaleBody_full.bmp
2 0.070656 -0.046396 0.469923 0.491506 -0.840275 -0.228821 0.000000 1.000000
2 0.107667 -0.025060 0.506066 0.664298 -0.731506 0.153646 0.000000 1.000000
2 0.071654 -0.046805 0.504209 0.496290 -0.840498 0.217393 0.000000 1.000000
MaleBody_full.bmp
2 0.070656 -0.046396 0.469923 0.491506 -0.840275 -0.228821 0.000000 1.000000
2 0.075238 -0.031484 0.445266 0.388157 -0.683202 -0.618522 0.000000 1.000000
2 0.103835 -0.024129 0.460243 0.645011 -0.687651 -0.333312 0.000000 1.000000
MaleBody_full.bmp
2 0.075238 -0.031484 0.445266 0.388157 -0.683202 -0.618522 0.000000 1.000000
2 0.070656 -0.046396 0.469923 0.491506 -0.840275 -0.228821 0.000000 1.000000
26 0.061783 -0.041213 0.449691 0.124410 -0.548264 -0.827000 0.000000 1.000000
MaleBody_full.bmp
5 0.043324 0.099496 0.782366 -0.685499 -0.076026 -0.724093 0.000000 1.000000
4 0.074517 0.081849 0.770774 0.102329 0.994708 -0.009157 0.000000 1.000000
4 0.039792 0.085348 0.764191 -0.374024 0.927302 -0.014714 0.000000 1.000000
MaleBody_full.bmp
4 0.074517 0.081849 0.770774 0.102329 0.994708 -0.009157 0.000000 1.000000
5 0.043324 0.099496 0.782366 -0.685499 -0.076026 -0.724093 0.000000 1.000000
5 0.076375 0.092595 0.799098 0.402462 -0.480428 -0.779239 0.000000 1.000000
MaleBody_full.bmp
26 0.061783 -0.041213 0.449691 0.124410 -0.548264 -0.827000 0.000000 1.000000
2 0.036345 0.009536 0.450508 0.162472 0.275138 -0.947577 0.000000 1.000000
2 0.075238 -0.031484 0.445266 0.388157 -0.683202 -0.618522 0.000000 1.000000
MaleBody_full.bmp
2 0.075238 -0.031484 0.445266 0.388157 -0.683202 -0.618522 0.000000 1.000000
2 0.036345 0.009536 0.450508 0.162472 0.275138 -0.947577 0.000000 1.000000
26 0.021193 0.042983 0.468165 -0.784077 -0.455037 -0.422096 0.000000 1.000000
MaleBody_full.bmp
6 0.128047 0.175293 0.907465 0.583201 0.640854 0.499182 0.000000 1.000000
6 0.113409 0.204617 0.886136 0.560954 0.717603 0.412767 0.000000 1.000000
6 0.113086 0.180667 0.914862 0.510226 0.657739 0.554120 0.000000 1.000000
MaleBody_full.bmp
6 0.113409 0.204617 0.886136 0.560954 0.717603 0.412767 0.000000 1.000000
6 0.128047 0.175293 0.907465 0.583201 0.640854 0.499182 0.000000 1.000000
6 0.129647 0.195394 0.878409 0.662883 0.699766 0.266295 0.000000 1.000000
MaleBody_full.bmp
6 0.081445 0.137366 0.771093 0.505892 0.187355 -0.842004 0.000000 1.000000
6 0.083687 0.159869 0.781600 0.544401 0.323210 -0.774056 0.000000 1.000000
6 0.105353 0.148785 0.785872 0.540054 0.264980 -0.798829 0.000000 1.000000
MaleBody_full.bmp
6 0.083687 0.159869 0.781600 0.544401 0.323210 -0.774056 0.000000 1.000000
6 0.081445 0.137366 0.771093 0.505892 0.187355 -0.842004 0.000000 1.000000
6 0.080036 0.153355 0.775480 0.519195 0.392374 -0.759262 0.000000 1.000000
MaleBody_full.bmp
6 0.079004 0.094738 0.781239 -0.041276 -0.884290 -0.465111 0.000000 1.000000
5 0.043324 0.099496 0.782366 -0.685499 -0.076026 -0.724093 0.000000 1.000000
6 0.047981 0.107049 0.766350 -0.420892 -0.714920 -0.558336 0.000000 1.000000
MaleBody_full.bmp
5 0.043324 0.099496 0.782366 -0.685499 -0.076026 -0.724093 0.000000 1.000000
6 0.079004 0.094738 0.781239 -0.041276 -0.884290 -0.465111 0.000000 1.000000
5 0.076375 0.092595 0.799098 0.402462 -0.480428 -0.779239 0.000000 1.000000
MaleBody_full.bmp
6 0.105458 0.215532 0.843127 0.255480 0.939149 -0.229628 0.000000 1.000000
6 0.108986 0.213955 0.858129 0.351904 0.924817 0.144489 0.000000 1.000000
6 0.128257 0.200280 0.842707 0.682581 0.716382 -0.144500 0.000000 1.000000
MaleBody_full.bmp
6 0.105458 0.215532 0.843127 0.255480 0.939149 -0.229628 0.000000 1.000000
6 0.124831 0.191271 0.823228 0.580780 0.648120 -0.492581 0.000000 1.000000
6 0.097041 0.209180 0.819972 0.157616 0.857710 -0.489379 0.000000 1.000000
MaleBody_full.bmp
6 0.124831 0.191271 0.823228 0.580780 0.648120 -0.492581 0.000000 1.000000
6 0.105458 0.215532 0.843127 0.255480 0.939149 -0.229628 0.000000 1.000000
6 0.128257 0.200280 0.842707 0.682581 0.716382 -0.144500 0.000000 1.000000
MaleBody_full.bmp
6 0.105353 0.148785 0.785872 0.540054 0.264980 -0.798829 0.000000 1.000000
6 0.095585 0.173317 0.799521 0.274334 0.187657 -0.943147 0.000000 1.000000
6 0.113928 0.164233 0.799408 0.541773 0.108316 -0.833516 0.000000 1.000000
MaleBody_full.bmp
6 0.095585 0.173317 0.799521 0.274334 0.187657 -0.943147 0.000000 1.000000
6 0.105353 0.148785 0.785872 0.540054 0.264980 -0.798829 0.000000 1.000000
6 0.083687 0.159869 0.781600 0.544401 0.323210 -0.774056 0.000000 1.000000
MaleBody_full.bmp
9 0.102739 0.075263 0.635786 -0.906045 -0.422712 -0.019935 0.000000 1.000000
9 0.123135 0.034154 0.700701 -0.631985 -0.427615 0.646328 0.000000 1.000000
9 0.098945 0.089818 0.695376 -0.493660 -0.183902 0.849988 0.000000 1.000000
MaleBody_full.bmp
9 0.098945 0.089818 0.695376 -0.335217 0.765338 -0.549443 0.000000 1.000000
9 0.157274 0.100004 0.633823 0.173696 0.946885 -0.270628 0.000000 1.000000
9 0.102739 0.075263 0.635786 -0.404365 0.868571 -0.286483 0.000000 1.000000
MaleBody_full.bmp
3 0.049275 0.081631 0.608996 -0.026678 0.999413 0.021511 0.000000 1.000000
2 0.078607 0.081378 0.561947 0.540187 0.812514 0.219133 0.000000 1.000000
2 0.038881 0.093056 0.557276 -0.155876 0.987020 0.038654 0.000000 1.000000
MaleBody_full.bmp
2 0.078607 0.081378 0.561947 0.540187 0.812514 0.219133 0.000000 1.000000
3 0.049275 0.081631 0.608996 -0.026678 0.999413 0.021511 0.000000 1.000000
3 0.083907 0.067627 0.609434 0.614437 0.773610 -0.154904 0.000000 1.000000
MaleBody_full.bmp
3 0.083907 0.067627 0.609434 0.614437 0.773610 -0.154904 0.000000 1.000000
2 0.112106 0.036319 0.562252 0.972717 0.110531 0.203971 0.000000 1.000000
2 0.078607 0.081378 0.561947 0.540187 0.812514 0.219133 0.000000 1.000000
MaleBody_full.bmp
2 0.112106 0.036319 0.562252 0.972717 0.110531 0.203971 0.000000 1.000000
3 0.083907 0.067627 0.609434 0.614437 0.773610 -0.154904 0.000000 1.000000
3 0.114959 0.028277 0.603935 0.950188 0.095746 -0.296608 0.000000 1.000000
MaleBody_full.bmp
2 0.112106 0.036319 0.562252 0.972717 0.110531 0.203971 0.000000 1.000000
3 0.099696 -0.008629 0.604984 0.722374 -0.636290 -0.270760 0.000000 1.000000
2 0.094766 -0.000070 0.560855 0.711313 -0.677786 0.186116 0.000000 1.000000
MaleBody_full.bmp
3 0.099696 -0.008629 0.604984 0.722374 -0.636290 -0.270760 0.000000 1.000000
2 0.112106 0.036319 0.562252 0.972717 0.110531 0.203971 0.000000 1.000000
3 0.114959 0.028277 0.603935 0.950188 0.095746 -0.296608 0.000000 1.000000
MaleBody_full.bmp
2 0.094766 -0.000070 0.560855 0.711313 -0.677786 0.186116 0.000000 1.000000
3 0.059557 -0.033006 0.608362 0.497921 -0.838656 -0.220752 0.000000 1.000000
2 0.058010 -0.022284 0.559535 0.480930 -0.828394 0.287176 0.000000 1.000000
MaleBody_full.bmp
3 0.059557 -0.033006 0.608362 0.497921 -0.838656 -0.220752 0.000000 1.000000
2 0.094766 -0.000070 0.560855 0.711313 -0.677786 0.186116 0.000000 1.000000
3 0.099696 -0.008629 0.604984 0.722374 -0.636290 -0.270760 0.000000 1.000000
MaleBody_full.bmp
4 0.090926 0.079571 0.782952 0.346781 0.937155 -0.038526 0.000000 1.000000
8 0.113723 0.088595 0.757514 -0.027531 0.921484 0.387439 0.000000 1.000000
4 0.074517 0.081849 0.770774 0.102329 0.994708 -0.009157 0.000000 1.000000
MaleBody_full.bmp
4 0.074517 0.081849 0.770774 0.102329 0.994708 -0.009157 0.000000 1.000000
8 0.113723 0.088595 0.757514 -0.027531 0.921484 0.387439 0.000000 1.000000
8 0.101421 0.101663 0.734877 -0.214071 0.941923 0.258755 0.000000 1.000000
MaleBody_full.bmp
8 0.101421 0.101663 0.734877 -0.290520 0.868918 0.400723 0.000000 1.000000
8 0.145324 0.104195 0.745027 0.328488 0.696599 0.637845 0.000000 1.000000
8 0.128384 0.115167 0.726320 -0.035022 0.996973 0.069417 0.000000 1.000000
MaleBody_full.bmp
8 0.145324 0.104195 0.745027 0.328488 0.696599 0.637845 0.000000 1.000000
8 0.101421 0.101663 0.734877 -0.290520 0.868918 0.400723 0.000000 1.000000
8 0.113723 0.088595 0.757514 -0.022553 0.652191 0.757719 0.000000 1.000000
MaleBody_full.bmp
8 0.128384 0.115167 0.726320 -0.035022 0.996973 0.069417 0.000000 1.000000
9 0.164120 0.090561 0.689393 0.856431 0.500809 0.125366 0.000000 1.000000
9 0.145611 0.112706 0.681442 0.015107 0.988107 -0.153021 0.000000 1.000000
MaleBody_full.bmp
9 0.164120 0.090561 0.689393 0.856431 0.500809 0.125366 0.000000 1.000000
8 0.128384 0.115167 0.726320 -0.035022 0.996973 0.069417 0.000000 1.000000
8 0.145324 0.104195 0.745027 0.328488 0.696599 0.637845 0.000000 1.000000
MaleBody_full.bmp
9 0.164120 0.090561 0.689393 0.856431 0.500809 0.125366 0.000000 1.000000
9 0.157274 0.100004 0.633823 0.173696 0.946885 -0.270628 0.000000 1.000000
9 0.145611 0.112706 0.681442 0.015107 0.988107 -0.153021 0.000000 1.000000
MaleBody_full.bmp
9 0.184158 0.042117 0.651225 0.968535 -0.227367 0.101210 0.000000 1.000000
9 0.164120 0.090561 0.689393 0.856431 0.500809 0.125366 0.000000 1.000000
9 0.171782 0.054427 0.697790 0.925555 -0.288284 0.245441 0.000000 1.000000
MaleBody_full.bmp
26 0.051400 0.087453 0.463052 -0.375242 0.925977 0.041940 0.000000 1.000000
26 0.016444 0.043407 0.368185 -0.858218 0.513260 0.005131 0.000000 1.000000
26 0.021193 0.042983 0.468165 -0.069629 0.926191 -0.370571 0.000000 1.000000
MaleBody_full.bmp
6 0.117090 0.176005 0.798943 0.515220 0.148054 -0.844173 0.000000 1.000000
6 0.128840 0.149083 0.816054 0.847223 -0.078621 -0.525387 0.000000 1.000000
6 0.113928 0.164233 0.799408 0.541773 0.108316 -0.833516 0.000000 1.000000
MaleBody_full.bmp
6 0.095585 0.173317 0.799521 0.274334 0.187657 -0.943147 0.000000 1.000000
6 0.117090 0.176005 0.798943 0.515220 0.148054 -0.844173 0.000000 1.000000
6 0.113928 0.164233 0.799408 0.541773 0.108316 -0.833516 0.000000 1.000000
MaleBody_full.bmp
6 0.117090 0.176005 0.798943 0.515220 0.148054 -0.844173 0.000000 1.000000
6 0.095585 0.173317 0.799521 0.274334 0.187657 -0.943147 0.000000 1.000000
6 0.101219 0.184878 0.797497 0.330070 0.332054 -0.883626 0.000000 1.000000
MaleBody_full.bmp
6 0.117090 0.176005 0.798943 0.515220 0.148054 -0.844173 0.000000 1.000000
6 0.139601 0.181169 0.836445 0.894650 0.247198 -0.372148 0.000000 1.000000
6 0.128840 0.149083 0.816054 0.847223 -0.078621 -0.525387 0.000000 1.000000
MaleBody_full.bmp
28 0.100530 0.072217 0.000052 -0.000341 -0.009263 -0.999957 0.000000 1.000000
28 0.029776 0.099272 -0.000183 -0.000270 -0.009391 -0.999956 0.000000 1.000000
28 0.064716 0.109725 -0.000295 -0.000341 -0.009576 -0.999954 0.000000 1.000000
MaleBody_full.bmp
6 0.068253 0.112419 0.756015 0.373399 -0.344436 -0.861358 0.000000 1.000000
6 0.070573 0.138458 0.762831 0.452986 0.622876 -0.637832 0.000000 1.000000
6 0.078281 0.132887 0.767398 0.610986 0.321171 -0.723564 0.000000 1.000000
MaleBody_full.bmp
6 0.091167 0.117214 0.776137 0.665377 -0.068310 -0.743376 0.000000 1.000000
6 0.120251 0.132605 0.803007 0.820557 -0.127841 -0.557085 0.000000 1.000000
6 0.103350 0.111913 0.790097 0.746330 -0.251106 -0.616391 0.000000 1.000000
MaleBody_full.bmp
6 0.068253 0.112419 0.756015 0.373399 -0.344436 -0.861358 0.000000 1.000000
6 0.091167 0.117214 0.776137 0.665377 -0.068310 -0.743376 0.000000 1.000000
6 0.089850 0.097582 0.781801 0.525008 -0.459500 -0.716398 0.000000 1.000000
MaleBody_full.bmp
6 0.078281 0.132887 0.767398 0.610986 0.321171 -0.723564 0.000000 1.000000
6 0.072241 0.139425 0.768523 0.315497 0.435502 -0.843089 0.000000 1.000000
6 0.081445 0.137366 0.771093 0.505892 0.187355 -0.842004 0.000000 1.000000
MaleBody_full.bmp
6 0.072241 0.139425 0.768523 0.315497 0.435502 -0.843089 0.000000 1.000000
6 0.078281 0.132887 0.767398 0.610986 0.321171 -0.723564 0.000000 1.000000
6 0.070573 0.138458 0.762831 0.452986 0.622876 -0.637832 0.000000 1.000000
MaleBody_full.bmp
6 0.083687 0.159869 0.781600 0.544401 0.323210 -0.774056 0.000000 1.000000
6 0.068025 0.159951 0.774297 -0.045921 0.537964 -0.841716 0.000000 1.000000
6 0.071602 0.171977 0.772483 -0.101569 0.421099 -0.901310 0.000000 1.000000
MaleBody_full.bmp
6 0.072241 0.139425 0.768523 0.315497 0.435502 -0.843089 0.000000 1.000000
6 0.073666 0.145370 0.767379 0.182097 0.102319 -0.977943 0.000000 1.000000
6 0.081445 0.137366 0.771093 0.505892 0.187355 -0.842004 0.000000 1.000000
MaleBody_full.bmp
6 0.061660 0.143595 0.771219 -0.043977 0.541822 -0.839342 0.000000 1.000000
6 0.070573 0.138458 0.762831 0.452986 0.622876 -0.637832 0.000000 1.000000
6 0.059094 0.142820 0.762710 0.119038 0.810688 -0.573249 0.000000 1.000000
MaleBody_full.bmp
6 0.070573 0.138458 0.762831 0.452986 0.622876 -0.637832 0.000000 1.000000
6 0.061660 0.143595 0.771219 -0.043977 0.541822 -0.839342 0.000000 1.000000
6 0.072241 0.139425 0.768523 0.315497 0.435502 -0.843089 0.000000 1.000000
MaleBody_full.bmp
6 0.091167 0.117214 0.776137 0.665377 -0.068310 -0.743376 0.000000 1.000000
6 0.078281 0.132887 0.767398 0.610986 0.321171 -0.723564 0.000000 1.000000
6 0.081445 0.137366 0.771093 0.505892 0.187355 -0.842004 0.000000 1.000000
MaleBody_full.bmp
6 0.078281 0.132887 0.767398 0.610986 0.321171 -0.723564 0.000000 1.000000
6 0.091167 0.117214 0.776137 0.665377 -0.068310 -0.743376 0.000000 1.000000
6 0.068253 0.112419 0.756015 0.373399 -0.344436 -0.861358 0.000000 1.000000
MaleBody_full.bmp
6 0.091167 0.117214 0.776137 0.665377 -0.068310 -0.743376 0.000000 1.000000
6 0.103350 0.111913 0.790097 0.746330 -0.251106 -0.616391 0.000000 1.000000
6 0.089850 0.097582 0.781801 0.525008 -0.459500 -0.716398 0.000000 1.000000
MaleBody_full.bmp
6 0.114616 0.099607 0.814729 0.638743 -0.745768 -0.189306 0.000000 1.000000
6 0.120251 0.132605 0.803007 0.820557 -0.127841 -0.557085 0.000000 1.000000
6 0.124975 0.120939 0.817863 0.874507 -0.205396 -0.439375 0.000000 1.000000
MaleBody_full.bmp
6 0.120251 0.132605 0.803007 0.820557 -0.127841 -0.557085 0.000000 1.000000
6 0.114616 0.099607 0.814729 0.638743 -0.745768 -0.189306 0.000000 1.000000
6 0.103350 0.111913 0.790097 0.746330 -0.251106 -0.616391 0.000000 1.000000
MaleBody_full.bmp
6 0.105353 0.148785 0.785872 0.540054 0.264980 -0.798829 0.000000 1.000000
6 0.091167 0.117214 0.776137 0.665377 -0.068310 -0.743376 0.000000 1.000000
6 0.081445 0.137366 0.771093 0.505892 0.187355 -0.842004 0.000000 1.000000
MaleBody_full.bmp
6 0.097041 0.209180 0.819972 0.157616 0.857710 -0.489379 0.000000 1.000000
6 0.101219 0.184878 0.797497 0.330070 0.332054 -0.883626 0.000000 1.000000
6 0.085347 0.193751 0.796051 -0.008262 0.609869 -0.792460 0.000000 1.000000
MaleBody_full.bmp
6 0.101219 0.184878 0.797497 0.330070 0.332054 -0.883626 0.000000 1.000000
6 0.097041 0.209180 0.819972 0.157616 0.857710 -0.489379 0.000000 1.000000
6 0.124831 0.191271 0.823228 0.580780 0.648120 -0.492581 0.000000 1.000000
MaleBody_full.bmp
6 0.101219 0.184878 0.797497 0.330070 0.332054 -0.883626 0.000000 1.000000
6 0.081538 0.184756 0.793221 -0.085307 0.456601 -0.885572 0.000000 1.000000
6 0.085347 0.193751 0.796051 -0.008262 0.609869 -0.792460 0.000000 1.000000
MaleBody_full.bmp
6 0.081538 0.184756 0.793221 -0.085307 0.456601 -0.885572 0.000000 1.000000
6 0.101219 0.184878 0.797497 0.330070 0.332054 -0.883626 0.000000 1.000000
6 0.095585 0.173317 0.799521 0.274334 0.187657 -0.943147 0.000000 1.000000
MaleBody_full.bmp
6 0.081538 0.184756 0.793221 -0.085307 0.456601 -0.885572 0.000000 1.000000
6 0.083687 0.159869 0.781600 0.544401 0.323210 -0.774056 0.000000 1.000000
6 0.071602 0.171977 0.772483 -0.101569 0.421099 -0.901310 0.000000 1.000000
MaleBody_full.bmp
6 0.083687 0.159869 0.781600 0.544401 0.323210 -0.774056 0.000000 1.000000
6 0.081538 0.184756 0.793221 -0.085307 0.456601 -0.885572 0.000000 1.000000
6 0.095585 0.173317 0.799521 0.274334 0.187657 -0.943147 0.000000 1.000000
MaleBody_full.bmp
6 0.080036 0.153355 0.775480 0.519195 0.392374 -0.759262 0.000000 1.000000
6 0.081445 0.137366 0.771093 0.505892 0.187355 -0.842004 0.000000 1.000000
6 0.073666 0.145370 0.767379 0.182097 0.102319 -0.977943 0.000000 1.000000
MaleBody_full.bmp
3 0.114959 0.028277 0.603935 0.950188 0.095746 -0.296608 0.000000 1.000000
3 0.134125 0.032550 0.647855 0.859792 0.329971 -0.389715 0.000000 1.000000
3 0.131364 0.012510 0.645016 0.850705 -0.395450 -0.346295 0.000000 1.000000
MaleBody_full.bmp
4 0.155585 0.033875 0.725104 0.915603 -0.386956 0.109254 0.000000 1.000000
4 0.151312 0.045162 0.716110 0.885684 0.370686 -0.279562 0.000000 1.000000
4 0.156805 0.039243 0.727484 0.978864 -0.194653 -0.062738 0.000000 1.000000
MaleBody_full.bmp
3 0.134125 0.032550 0.647855 0.859792 0.329971 -0.389715 0.000000 1.000000
4 0.149310 0.015813 0.686246 0.944699 -0.286361 -0.159817 0.000000 1.000000
3 0.131364 0.012510 0.645016 0.850705 -0.395450 -0.346295 0.000000 1.000000
MaleBody_full.bmp
4 0.149310 0.015813 0.686246 0.944699 -0.286361 -0.159817 0.000000 1.000000
3 0.134125 0.032550 0.647855 0.859792 0.329971 -0.389715 0.000000 1.000000
4 0.148752 0.032755 0.682270 0.893048 0.345724 -0.287993 0.000000 1.000000
MaleBody_full.bmp
3 0.131364 0.012510 0.645016 0.850705 -0.395450 -0.346295 0.000000 1.000000
3 0.099696 -0.008629 0.604984 0.722374 -0.636290 -0.270760 0.000000 1.000000
3 0.114959 0.028277 0.603935 0.950188 0.095746 -0.296608 0.000000 1.000000
MaleBody_full.bmp
6 0.070573 0.138458 0.762831 0.452986 0.622876 -0.637832 0.000000 1.000000
6 0.049128 0.122204 0.751655 -0.230044 0.095045 -0.968528 0.000000 1.000000
6 0.059094 0.142820 0.762710 0.119038 0.810688 -0.573249 0.000000 1.000000
MaleBody_full.bmp
4 0.070472 0.041496 0.808184 0.484370 -0.524626 0.700110 0.000000 1.000000
4 0.119722 0.028764 0.780021 0.521163 -0.528990 0.669745 0.000000 1.000000
4 0.094210 0.055163 0.797549 0.754629 0.053212 0.653991 0.000000 1.000000
MaleBody_full.bmp
6 0.073666 0.145370 0.767379 0.182097 0.102319 -0.977943 0.000000 1.000000
6 0.061660 0.143595 0.771219 -0.043977 0.541822 -0.839342 0.000000 1.000000
6 0.063295 0.151437 0.767463 -0.209718 0.152963 -0.965723 0.000000 1.000000
MaleBody_full.bmp
6 0.061660 0.143595 0.771219 -0.043977 0.541822 -0.839342 0.000000 1.000000
6 0.073666 0.145370 0.767379 0.182097 0.102319 -0.977943 0.000000 1.000000
6 0.072241 0.139425 0.768523 0.315497 0.435502 -0.843089 0.000000 1.000000
MaleBody_full.bmp
6 0.068025 0.159951 0.774297 -0.045921 0.537964 -0.841716 0.000000 1.000000
6 0.073666 0.145370 0.767379 0.182097 0.102319 -0.977943 0.000000 1.000000
6 0.063295 0.151437 0.767463 -0.209718 0.152963 -0.965723 0.000000 1.000000
MaleBody_full.bmp
6 0.073666 0.145370 0.767379 0.182097 0.102319 -0.977943 0.000000 1.000000
6 0.068025 0.159951 0.774297 -0.045921 0.537964 -0.841716 0.000000 1.000000
6 0.080036 0.153355 0.775480 0.519195 0.392374 -0.759262 0.000000 1.000000
MaleBody_full.bmp
4 0.123812 -0.014526 0.692782 0.651401 -0.757442 0.044243 0.000000 1.000000
4 0.077222 -0.023920 0.741925 0.449245 -0.776337 0.442132 0.000000 1.000000
4 0.075012 -0.041282 0.703584 0.503384 -0.861496 0.066553 0.000000 1.000000
MaleBody_full.bmp
4 0.077222 -0.023920 0.741925 0.449245 -0.776337 0.442132 0.000000 1.000000
4 0.123812 -0.014526 0.692782 0.651401 -0.757442 0.044243 0.000000 1.000000
4 0.128227 0.001614 0.730754 0.658752 -0.682977 0.315576 0.000000 1.000000
MaleBody_full.bmp
4 0.128227 0.001614 0.730754 0.658752 -0.682977 0.315576 0.000000 1.000000
4 0.149310 0.015813 0.686246 0.944699 -0.286361 -0.159817 0.000000 1.000000
4 0.155585 0.033875 0.725104 0.915603 -0.386956 0.109254 0.000000 1.000000
MaleBody_full.bmp
4 0.149310 0.015813 0.686246 0.944699 -0.286361 -0.159817 0.000000 1.000000
4 0.128227 0.001614 0.730754 0.658752 -0.682977 0.315576 0.000000 1.000000
4 0.123812 -0.014526 0.692782 0.651401 -0.757442 0.044243 0.000000 1.000000
MaleBody_full.bmp
4 0.149310 0.015813 0.686246 0.944699 -0.286361 -0.159817 0.000000 1.000000
4 0.151312 0.045162 0.716110 0.885684 0.370686 -0.279562 0.000000 1.000000
4 0.155585 0.033875 0.725104 0.915603 -0.386956 0.109254 0.000000 1.000000
MaleBody_full.bmp
4 0.151312 0.045162 0.716110 0.885684 0.370686 -0.279562 0.000000 1.000000
4 0.149310 0.015813 0.686246 0.944699 -0.286361 -0.159817 0.000000 1.000000
4 0.148752 0.032755 0.682270 0.893048 0.345724 -0.287993 0.000000 1.000000
MaleBody_full.bmp
4 0.151312 0.045162 0.716110 0.885684 0.370686 -0.279562 0.000000 1.000000
4 0.136596 0.043825 0.678690 0.709470 0.670434 -0.217187 0.000000 1.000000
4 0.122428 0.058968 0.705345 0.804242 0.579532 -0.131671 0.000000 1.000000
MaleBody_full.bmp
4 0.136596 0.043825 0.678690 0.709470 0.670434 -0.217187 0.000000 1.000000
4 0.151312 0.045162 0.716110 0.885684 0.370686 -0.279562 0.000000 1.000000
4 0.148752 0.032755 0.682270 0.893048 0.345724 -0.287993 0.000000 1.000000
MaleBody_full.bmp
4 0.122428 0.058968 0.705345 0.804242 0.579532 -0.131671 0.000000 1.000000
4 0.114779 0.070329 0.672660 0.892738 0.404455 -0.198581 0.000000 1.000000
4 0.119061 0.074340 0.697607 0.944893 0.262676 -0.195395 0.000000 1.000000
MaleBody_full.bmp
4 0.114779 0.070329 0.672660 0.892738 0.404455 -0.198581 0.000000 1.000000
4 0.122428 0.058968 0.705345 0.804242 0.579532 -0.131671 0.000000 1.000000
4 0.136596 0.043825 0.678690 0.709470 0.670434 -0.217187 0.000000 1.000000
MaleBody_full.bmp
4 0.110362 0.084150 0.673571 0.638261 0.669962 -0.379175 0.000000 1.000000
4 0.119061 0.074340 0.697607 0.944893 0.262676 -0.195395 0.000000 1.000000
4 0.114779 0.070329 0.672660 0.892738 0.404455 -0.198581 0.000000 1.000000
MaleBody_full.bmp
4 0.119061 0.074340 0.697607 0.944893 0.262676 -0.195395 0.000000 1.000000
4 0.110362 0.084150 0.673571 0.638261 0.669962 -0.379175 0.000000 1.000000
4 0.108427 0.102452 0.698686 0.272474 0.928852 -0.250981 0.000000 1.000000
MaleBody_full.bmp
4 0.063866 0.096143 0.675111 -0.115044 0.960407 -0.253738 0.000000 1.000000
3 0.005255 0.072207 0.666805 -0.464920 0.869709 -0.165697 0.000000 1.000000
4 0.012568 0.081106 0.684559 -0.417653 0.901324 -0.114811 0.000000 1.000000
MaleBody_full.bmp
3 0.005255 0.072207 0.666805 -0.464920 0.869709 -0.165697 0.000000 1.000000
4 0.063866 0.096143 0.675111 -0.115044 0.960407 -0.253738 0.000000 1.000000
3 0.056935 0.091160 0.653588 0.071564 0.962267 -0.262529 0.000000 1.000000
MaleBody_full.bmp
3 0.056935 0.091160 0.653588 0.071564 0.962267 -0.262529 0.000000 1.000000
4 0.110362 0.084150 0.673571 0.638261 0.669962 -0.379175 0.000000 1.000000
3 0.103923 0.075835 0.651212 0.652850 0.666151 -0.360595 0.000000 1.000000
MaleBody_full.bmp
4 0.110362 0.084150 0.673571 0.638261 0.669962 -0.379175 0.000000 1.000000
3 0.056935 0.091160 0.653588 0.071564 0.962267 -0.262529 0.000000 1.000000
4 0.063866 0.096143 0.675111 -0.115044 0.960407 -0.253738 0.000000 1.000000
MaleBody_full.bmp
4 0.062184 0.098445 0.703653 -0.193884 0.979660 0.051733 0.000000 1.000000
8 0.104685 0.102229 0.712994 -0.192745 0.978098 0.078570 0.000000 1.000000
4 0.108427 0.102452 0.698686 0.272474 0.928852 -0.250981 0.000000 1.000000
MaleBody_full.bmp
8 0.104685 0.102229 0.712994 -0.192745 0.978098 0.078570 0.000000 1.000000
4 0.062184 0.098445 0.703653 -0.193884 0.979660 0.051733 0.000000 1.000000
4 0.067585 0.089561 0.738446 -0.179383 0.969530 0.166834 0.000000 1.000000
MaleBody_full.bmp
4 0.108427 0.102452 0.698686 -0.005145 0.700975 -0.713167 0.000000 1.000000
8 0.123243 0.107109 0.703157 -0.304974 0.856002 -0.417435 0.000000 1.000000
9 0.098945 0.089818 0.695376 -0.335217 0.765338 -0.549443 0.000000 1.000000
MaleBody_full.bmp
8 0.123243 0.107109 0.703157 -0.304974 0.856002 -0.417435 0.000000 1.000000
4 0.108427 0.102452 0.698686 -0.005145 0.700975 -0.713167 0.000000 1.000000
8 0.104685 0.102229 0.712994 -0.370256 0.921961 -0.113573 0.000000 1.000000
MaleBody_full.bmp
8 0.123243 0.107109 0.703157 -0.304974 0.856002 -0.417435 0.000000 1.000000
9 0.145611 0.112706 0.681442 0.015107 0.988107 -0.153021 0.000000 1.000000
9 0.098945 0.089818 0.695376 -0.335217 0.765338 -0.549443 0.000000 1.000000
MaleBody_full.bmp
9 0.133783 0.031153 0.703157 0.016989 -0.856718 0.515505 0.000000 1.000000
4 0.151312 0.045162 0.716110 -0.691807 -0.204640 0.692478 0.000000 1.000000
9 0.123135 0.034154 0.700701 -0.631985 -0.427615 0.646328 0.000000 1.000000
MaleBody_full.bmp
4 0.151312 0.045162 0.716110 -0.691807 -0.204640 0.692478 0.000000 1.000000
9 0.133783 0.031153 0.703157 0.016989 -0.856718 0.515505 0.000000 1.000000
4 0.156805 0.039243 0.727484 0.559270 -0.593455 0.578816 0.000000 1.000000
MaleBody_full.bmp
4 0.067585 0.089561 0.738446 -0.179383 0.969530 0.166834 0.000000 1.000000
4 0.024758 0.086642 0.715711 -0.328121 0.930817 0.160986 0.000000 1.000000
4 0.033418 0.084052 0.741271 -0.339287 0.932345 0.124969 0.000000 1.000000
MaleBody_full.bmp
4 0.024758 0.086642 0.715711 -0.328121 0.930817 0.160986 0.000000 1.000000
4 0.067585 0.089561 0.738446 -0.179383 0.969530 0.166834 0.000000 1.000000
4 0.062184 0.098445 0.703653 -0.193884 0.979660 0.051733 0.000000 1.000000
MaleBody_full.bmp
6 0.128095 0.104883 0.863898 0.883287 -0.442796 -0.154065 0.000000 1.000000
6 0.148063 0.162828 0.855734 0.980047 -0.111795 -0.164343 0.000000 1.000000
6 0.147156 0.148379 0.887815 0.999098 0.005692 0.042072 0.000000 1.000000
MaleBody_full.bmp
6 0.098892 0.084700 0.827705 0.589498 -0.800159 -0.110623 0.000000 1.000000
6 0.129243 0.112017 0.848727 0.688635 -0.659394 0.301631 0.000000 1.000000
6 0.128095 0.104883 0.863898 0.883287 -0.442796 -0.154065 0.000000 1.000000
MaleBody_full.bmp
6 0.148063 0.162828 0.855734 0.980047 -0.111795 -0.164343 0.000000 1.000000
6 0.128095 0.104883 0.863898 0.883287 -0.442796 -0.154065 0.000000 1.000000
6 0.129243 0.112017 0.848727 0.688635 -0.659394 0.301631 0.000000 1.000000
MaleBody_full.bmp
6 0.147156 0.148379 0.887815 0.864226 -0.311883 0.394768 0.000000 1.000000
6 0.121073 0.100601 0.886931 0.523573 -0.739676 0.422790 0.000000 1.000000
6 0.128095 0.104883 0.863898 0.703547 -0.708652 0.053232 0.000000 1.000000
MaleBody_full.bmp
6 0.128257 0.200280 0.842707 0.682581 0.716382 -0.144500 0.000000 1.000000
6 0.129647 0.195394 0.878409 0.662883 0.699766 0.266295 0.000000 1.000000
6 0.143612 0.181922 0.867600 0.903677 0.423757 0.061637 0.000000 1.000000
MaleBody_full.bmp
6 0.129647 0.195394 0.878409 0.662883 0.699766 0.266295 0.000000 1.000000
6 0.141776 0.170308 0.895027 0.823981 0.474073 0.310339 0.000000 1.000000
6 0.143612 0.181922 0.867600 0.903677 0.423757 0.061637 0.000000 1.000000
MaleBody_full.bmp
6 0.141776 0.170308 0.895027 0.823981 0.474073 0.310339 0.000000 1.000000
6 0.129647 0.195394 0.878409 0.662883 0.699766 0.266295 0.000000 1.000000
6 0.128047 0.175293 0.907465 0.583201 0.640854 0.499182 0.000000 1.000000
MaleBody_full.bmp
6 0.128047 0.175293 0.907465 0.563009 0.117373 0.818073 0.000000 1.000000
6 0.134014 0.142584 0.907480 0.636623 -0.220125 0.739092 0.000000 1.000000
6 0.141776 0.170308 0.895027 0.764892 0.073312 0.639974 0.000000 1.000000
MaleBody_full.bmp
6 0.143612 0.181922 0.867600 0.903677 0.423757 0.061637 0.000000 1.000000
6 0.139601 0.181169 0.836445 0.894650 0.247198 -0.372148 0.000000 1.000000
6 0.128257 0.200280 0.842707 0.682581 0.716382 -0.144500 0.000000 1.000000
MaleBody_full.bmp
3 0.068676 -0.042701 0.659899 0.487925 -0.852725 -0.186519 0.000000 1.000000
3 0.099696 -0.008629 0.604984 0.722374 -0.636290 -0.270760 0.000000 1.000000
3 0.112183 -0.016477 0.651403 0.614783 -0.766686 -0.185022 0.000000 1.000000
MaleBody_full.bmp
3 0.099696 -0.008629 0.604984 0.722374 -0.636290 -0.270760 0.000000 1.000000
3 0.068676 -0.042701 0.659899 0.487925 -0.852725 -0.186519 0.000000 1.000000
3 0.059557 -0.033006 0.608362 0.497921 -0.838656 -0.220752 0.000000 1.000000
MaleBody_full.bmp
4 0.070472 0.041496 0.808184 0.484370 -0.524626 0.700110 0.000000 1.000000
4 0.074817 0.015441 0.787221 0.303416 -0.642285 0.703853 0.000000 1.000000
4 0.119722 0.028764 0.780021 0.521163 -0.528990 0.669745 0.000000 1.000000
MaleBody_full.bmp
2 0.038881 0.093056 0.557276 -0.155876 0.987020 0.038654 0.000000 1.000000
3 0.004091 0.062396 0.608848 -0.489545 0.865649 0.104874 0.000000 1.000000
3 0.049275 0.081631 0.608996 -0.026678 0.999413 0.021511 0.000000 1.000000
MaleBody_full.bmp
3 0.004091 0.062396 0.608848 -0.489545 0.865649 0.104874 0.000000 1.000000
2 0.038881 0.093056 0.557276 -0.155876 0.987020 0.038654 0.000000 1.000000
2 -0.000169 0.073610 0.555790 -0.518451 0.853973 -0.044024 0.000000 1.000000
MaleBody_full.bmp
6 0.070573 0.138458 0.762831 0.452986 0.622876 -0.637832 0.000000 1.000000
6 0.068253 0.112419 0.756015 0.373399 -0.344436 -0.861358 0.000000 1.000000
6 0.049128 0.122204 0.751655 -0.230044 0.095045 -0.968528 0.000000 1.000000
MaleBody_full.bmp
6 0.068025 0.159951 0.774297 -0.045921 0.537964 -0.841716 0.000000 1.000000
6 0.083687 0.159869 0.781600 0.544401 0.323210 -0.774056 0.000000 1.000000
6 0.080036 0.153355 0.775480 0.519195 0.392374 -0.759262 0.000000 1.000000
MaleBody_full.bmp
6 0.129647 0.195394 0.878409 0.662883 0.699766 0.266295 0.000000 1.000000
6 0.128257 0.200280 0.842707 0.682581 0.716382 -0.144500 0.000000 1.000000
6 0.108986 0.213955 0.858129 0.351904 0.924817 0.144489 0.000000 1.000000
MaleBody_full.bmp
6 0.128047 0.175293 0.907465 0.563009 0.117373 0.818073 0.000000 1.000000
6 0.104467 0.147429 0.924553 0.472201 -0.104101 0.875322 0.000000 1.000000
6 0.134014 0.142584 0.907480 0.636623 -0.220125 0.739092 0.000000 1.000000
MaleBody_full.bmp
27 0.045604 0.059035 0.213393 -0.189994 0.918486 -0.346821 0.000000 1.000000
27 0.012767 0.035478 0.142228 -0.380151 0.905125 -0.190353 0.000000 1.000000
27 0.004078 0.049788 0.218335 -0.554402 0.787799 -0.268351 0.000000 1.000000
MaleBody_full.bmp
27 0.012767 0.035478 0.142228 -0.380151 0.905125 -0.190353 0.000000 1.000000
27 0.045604 0.059035 0.213393 -0.189994 0.918486 -0.346821 0.000000 1.000000
27 0.048664 0.038539 0.142249 -0.036481 0.970943 -0.236512 0.000000 1.000000
MaleBody_full.bmp
26 0.030085 0.091247 0.268513 -0.535714 0.807786 -0.245952 0.000000 1.000000
27 0.004078 0.049788 0.218335 -0.554402 0.787799 -0.268351 0.000000 1.000000
26 0.003371 0.069109 0.275912 -0.695519 0.713305 -0.086313 0.000000 1.000000
MaleBody_full.bmp
27 0.004078 0.049788 0.218335 -0.554402 0.787799 -0.268351 0.000000 1.000000
26 0.030085 0.091247 0.268513 -0.535714 0.807786 -0.245952 0.000000 1.000000
27 0.045604 0.059035 0.213393 -0.189994 0.918486 -0.346821 0.000000 1.000000
MaleBody_full.bmp
26 0.042711 0.090499 0.365052 -0.566749 0.821240 0.066035 0.000000 1.000000
26 0.003371 0.069109 0.275912 -0.695519 0.713305 -0.086313 0.000000 1.000000
26 0.002545 0.064442 0.370193 -0.654639 0.755655 0.020825 0.000000 1.000000
MaleBody_full.bmp
26 0.003371 0.069109 0.275912 -0.695519 0.713305 -0.086313 0.000000 1.000000
26 0.042711 0.090499 0.365052 -0.566749 0.821240 0.066035 0.000000 1.000000
26 0.030085 0.091247 0.268513 -0.535714 0.807786 -0.245952 0.000000 1.000000
MaleBody_full.bmp
26 0.051400 0.087453 0.463052 -0.428753 0.901899 0.052431 0.000000 1.000000
26 0.002545 0.064442 0.370193 -0.654639 0.755655 0.020825 0.000000 1.000000
26 0.005890 0.069366 0.458782 -0.509640 0.860387 0.001156 0.000000 1.000000
MaleBody_full.bmp
26 0.002545 0.064442 0.370193 -0.654639 0.755655 0.020825 0.000000 1.000000
26 0.051400 0.087453 0.463052 -0.428753 0.901899 0.052431 0.000000 1.000000
26 0.042711 0.090499 0.365052 -0.566749 0.821240 0.066035 0.000000 1.000000
MaleBody_full.bmp
26 0.005890 0.069366 0.458782 -0.509640 0.860387 0.001156 0.000000 1.000000
2 0.043254 0.079139 0.500980 -0.326734 0.942442 0.071045 0.000000 1.000000
26 0.051400 0.087453 0.463052 -0.428753 0.901899 0.052431 0.000000 1.000000
MaleBody_full.bmp
27 0.010593 0.022279 0.070772 -0.210609 0.957986 -0.194697 0.000000 1.000000
27 0.048664 0.038539 0.142249 -0.036481 0.970943 -0.236512 0.000000 1.000000
27 0.058679 0.018527 0.067000 0.055835 0.966722 -0.249662 0.000000 1.000000
MaleBody_full.bmp
27 0.048664 0.038539 0.142249 -0.036481 0.970943 -0.236512 0.000000 1.000000
27 0.010593 0.022279 0.070772 -0.210609 0.957986 -0.194697 0.000000 1.000000
27 0.012767 0.035478 0.142228 -0.380151 0.905125 -0.190353 0.000000 1.000000
MaleBody_full.bmp
27 0.076971 -0.054507 0.162109 0.935423 -0.303532 0.181252 0.000000 1.000000
40 0.077510 -0.151411 0.105098 0.887276 -0.371745 0.273032 0.000000 1.000000
27 0.082683 -0.069697 0.093825 0.973613 -0.228205 0.000614 0.000000 1.000000
MaleBody_full.bmp
40 0.077510 -0.151411 0.105098 0.887276 -0.371745 0.273032 0.000000 1.000000
27 0.076971 -0.054507 0.162109 0.935423 -0.303532 0.181252 0.000000 1.000000
40 0.068732 -0.125892 0.173019 0.858531 -0.396948 0.324586 0.000000 1.000000
MaleBody_full.bmp
40 0.054392 -0.097585 0.233131 0.841884 -0.436190 0.317758 0.000000 1.000000
27 0.076971 -0.054507 0.162109 0.935423 -0.303532 0.181252 0.000000 1.000000
27 0.065868 -0.034962 0.232519 0.896279 -0.397506 0.196655 0.000000 1.000000
MaleBody_full.bmp
27 0.076971 -0.054507 0.162109 0.935423 -0.303532 0.181252 0.000000 1.000000
40 0.054392 -0.097585 0.233131 0.841884 -0.436190 0.317758 0.000000 1.000000
40 0.068732 -0.125892 0.173019 0.858531 -0.396948 0.324586 0.000000 1.000000
MaleBody_full.bmp
40 0.051167 -0.080180 0.288861 0.805298 -0.573374 0.150790 0.000000 1.000000
27 0.065868 -0.034962 0.232519 0.896279 -0.397506 0.196655 0.000000 1.000000
26 0.064625 -0.020531 0.276595 0.891269 -0.448565 0.066549 0.000000 1.000000
MaleBody_full.bmp
27 0.065868 -0.034962 0.232519 0.896279 -0.397506 0.196655 0.000000 1.000000
40 0.051167 -0.080180 0.288861 0.805298 -0.573374 0.150790 0.000000 1.000000
40 0.054392 -0.097585 0.233131 0.841884 -0.436190 0.317758 0.000000 1.000000
MaleBody_full.bmp
26 0.069484 -0.030039 0.362856 0.851965 -0.509299 -0.121534 0.000000 1.000000
40 0.051167 -0.080180 0.288861 0.805298 -0.573374 0.150790 0.000000 1.000000
26 0.064625 -0.020531 0.276595 0.891269 -0.448565 0.066549 0.000000 1.000000
MaleBody_full.bmp
40 0.051167 -0.080180 0.288861 0.805298 -0.573374 0.150790 0.000000 1.000000
26 0.069484 -0.030039 0.362856 0.851965 -0.509299 -0.121534 0.000000 1.000000
39 0.057284 -0.064140 0.372381 0.797031 -0.603825 0.011715 0.000000 1.000000
MaleBody_full.bmp
26 0.069484 -0.030039 0.362856 0.851965 -0.509299 -0.121534 0.000000 1.000000
39 0.069841 -0.051559 0.442748 0.653797 -0.756259 0.024941 0.000000 1.000000
39 0.057284 -0.064140 0.372381 0.797031 -0.603825 0.011715 0.000000 1.000000
MaleBody_full.bmp
4 0.119061 0.074340 0.697607 -0.288374 -0.212623 0.933612 0.000000 1.000000
4 0.151312 0.045162 0.716110 -0.691807 -0.204640 0.692478 0.000000 1.000000
4 0.122428 0.058968 0.705345 0.132297 -0.422403 -0.896702 0.000000 1.000000
MaleBody_full.bmp
16 -0.020850 0.053656 0.776195 -0.301414 0.913493 0.273278 0.000000 1.000000
4 0.008100 0.065535 0.756165 -0.421180 0.876570 0.232878 0.000000 1.000000
16 -0.035077 0.047052 0.759144 -0.465220 0.876959 0.120472 0.000000 1.000000
MaleBody_full.bmp
4 0.008100 0.065535 0.756165 -0.421180 0.876570 0.232878 0.000000 1.000000
16 -0.020850 0.053656 0.776195 -0.301414 0.913493 0.273278 0.000000 1.000000
4 0.024294 0.061666 0.785647 -0.685492 0.707706 0.171033 0.000000 1.000000
MaleBody_full.bmp
4 -0.043801 0.041318 0.744872 -0.876034 0.468202 0.115543 0.000000 1.000000
4 -0.031753 0.053419 0.697985 -0.711570 0.698284 -0.077890 0.000000 1.000000
4 -0.050130 0.012440 0.711965 -0.983728 -0.051337 0.172171 0.000000 1.000000
MaleBody_full.bmp
4 -0.031753 0.053419 0.697985 -0.711570 0.698284 -0.077890 0.000000 1.000000
4 -0.043801 0.041318 0.744872 -0.876034 0.468202 0.115543 0.000000 1.000000
4 -0.010963 0.068901 0.725441 -0.499243 0.858595 0.116497 0.000000 1.000000
MaleBody_full.bmp
4 0.042231 0.034326 0.812897 -0.189400 -0.277094 0.941991 0.000000 1.000000
4 0.005436 -0.011982 0.809049 0.042816 -0.516799 0.855036 0.000000 1.000000
4 0.035957 -0.005069 0.804972 0.355118 -0.598423 0.718179 0.000000 1.000000
MaleBody_full.bmp
4 0.005436 -0.011982 0.809049 0.042816 -0.516799 0.855036 0.000000 1.000000
4 0.042231 0.034326 0.812897 -0.189400 -0.277094 0.941991 0.000000 1.000000
16 0.001449 0.018828 0.807877 -0.196269 0.185835 0.962779 0.000000 1.000000
MaleBody_full.bmp
2 -0.022740 -0.050000 0.556322 -0.532343 -0.697314 0.479962 0.000000 1.000000
2 0.021371 -0.044536 0.562462 0.259372 -0.943642 0.205587 0.000000 1.000000
2 -0.018847 -0.043017 0.565117 -0.572042 -0.802372 0.170200 0.000000 1.000000
MaleBody_full.bmp
2 0.021371 -0.044536 0.562462 0.259372 -0.943642 0.205587 0.000000 1.000000
2 -0.022740 -0.050000 0.556322 -0.532343 -0.697314 0.479962 0.000000 1.000000
2 0.025291 -0.049658 0.552396 0.285510 -0.832801 0.474265 0.000000 1.000000
MaleBody_full.bmp
2 -0.043288 0.007528 0.564615 -0.978822 -0.093734 0.181992 0.000000 1.000000
2 -0.022740 -0.050000 0.556322 -0.532343 -0.697314 0.479962 0.000000 1.000000
2 -0.018847 -0.043017 0.565117 -0.572042 -0.802372 0.170200 0.000000 1.000000
MaleBody_full.bmp
2 -0.022740 -0.050000 0.556322 -0.532343 -0.697314 0.479962 0.000000 1.000000
2 -0.043288 0.007528 0.564615 -0.978822 -0.093734 0.181992 0.000000 1.000000
2 -0.044171 -0.016952 0.538487 -0.959389 -0.215505 0.182015 0.000000 1.000000
MaleBody_full.bmp
2 -0.035412 0.048046 0.558902 -0.793741 0.608200 0.008235 0.000000 1.000000
2 -0.046265 0.014881 0.512939 -0.964933 0.258444 0.045954 0.000000 1.000000
2 -0.043288 0.007528 0.564615 -0.978822 -0.093734 0.181992 0.000000 1.000000
MaleBody_full.bmp
2 -0.046265 0.014881 0.512939 -0.964933 0.258444 0.045954 0.000000 1.000000
2 -0.035412 0.048046 0.558902 -0.793741 0.608200 0.008235 0.000000 1.000000
2 -0.026906 0.036633 0.502515 -0.628269 0.737914 -0.246495 0.000000 1.000000
MaleBody_full.bmp
4 -0.010963 0.068901 0.725441 -0.499243 0.858595 0.116497 0.000000 1.000000
4 0.012568 0.081106 0.684559 -0.417653 0.901324 -0.114811 0.000000 1.000000
4 -0.031753 0.053419 0.697985 -0.711570 0.698284 -0.077890 0.000000 1.000000
MaleBody_full.bmp
4 0.012568 0.081106 0.684559 -0.417653 0.901324 -0.114811 0.000000 1.000000
4 -0.010963 0.068901 0.725441 -0.499243 0.858595 0.116497 0.000000 1.000000
4 0.024758 0.086642 0.715711 -0.328121 0.930817 0.160986 0.000000 1.000000
MaleBody_full.bmp
2 0.025291 -0.049658 0.552396 0.285510 -0.832801 0.474265 0.000000 1.000000
2 0.058010 -0.022284 0.559535 0.520818 -0.804423 0.285750 0.000000 1.000000
2 0.021371 -0.044536 0.562462 0.259372 -0.943642 0.205587 0.000000 1.000000
MaleBody_full.bmp
2 0.058010 -0.022284 0.559535 0.520818 -0.804423 0.285750 0.000000 1.000000
2 0.025291 -0.049658 0.552396 0.285510 -0.832801 0.474265 0.000000 1.000000
2 0.061181 -0.027961 0.547335 0.503512 -0.737781 0.449617 0.000000 1.000000
MaleBody_full.bmp
3 0.021139 -0.062239 0.666236 0.205325 -0.977252 -0.053099 0.000000 1.000000
4 0.075012 -0.041282 0.703584 0.374995 -0.918373 0.126369 0.000000 1.000000
4 0.022911 -0.059610 0.716919 0.196593 -0.956577 0.215201 0.000000 1.000000
MaleBody_full.bmp
4 0.075012 -0.041282 0.703584 0.374995 -0.918373 0.126369 0.000000 1.000000
3 0.021139 -0.062239 0.666236 0.205325 -0.977252 -0.053099 0.000000 1.000000
3 0.068676 -0.042701 0.659899 0.382036 -0.912704 -0.144982 0.000000 1.000000
MaleBody_full.bmp
31 -0.042675 0.024340 0.459891 -0.587824 0.805753 -0.072278 0.000000 1.000000
31 -0.086961 -0.039524 0.376012 -0.978785 0.035826 0.201736 0.000000 1.000000
31 -0.057496 -0.023149 0.469491 -0.937937 -0.233133 0.256755 0.000000 1.000000
MaleBody_full.bmp
31 -0.086961 -0.039524 0.376012 -0.978785 0.035826 0.201736 0.000000 1.000000
31 -0.042675 0.024340 0.459891 -0.587824 0.805753 -0.072278 0.000000 1.000000
31 -0.064574 0.001029 0.365539 -0.296800 0.933041 -0.203335 0.000000 1.000000
MaleBody_full.bmp
31 -0.086961 -0.039524 0.376012 -0.978785 0.035826 0.201736 0.000000 1.000000
31 -0.081226 -0.018887 0.268942 -0.494205 0.750873 -0.438123 0.000000 1.000000
31 -0.087977 -0.067688 0.286510 -0.970431 -0.241361 0.002764 0.000000 1.000000
MaleBody_full.bmp
31 -0.081226 -0.018887 0.268942 -0.494205 0.750873 -0.438123 0.000000 1.000000
31 -0.086961 -0.039524 0.376012 -0.978785 0.035826 0.201736 0.000000 1.000000
31 -0.064574 0.001029 0.365539 -0.296800 0.933041 -0.203335 0.000000 1.000000
MaleBody_full.bmp
31 0.009485 0.022418 0.451627 0.616587 0.342787 -0.708743 0.000000 1.000000
31 0.014328 -0.074356 0.368246 0.848209 -0.438070 -0.297718 0.000000 1.000000
31 -0.011407 -0.003722 0.357292 0.894855 0.258825 -0.363655 0.000000 1.000000
MaleBody_full.bmp
31 0.014328 -0.074356 0.368246 0.848209 -0.438070 -0.297718 0.000000 1.000000
31 0.009485 0.022418 0.451627 0.616587 0.342787 -0.708743 0.000000 1.000000
2 0.054535 -0.044027 0.445719 0.520655 -0.556684 -0.647318 0.000000 1.000000
MaleBody_full.bmp
31 -0.011407 -0.003722 0.357292 0.894855 0.258825 -0.363655 0.000000 1.000000
31 -0.023099 -0.078923 0.286396 0.999010 0.013650 -0.042339 0.000000 1.000000
31 -0.038877 -0.043436 0.271494 0.922902 0.321126 -0.212440 0.000000 1.000000
MaleBody_full.bmp
31 -0.023099 -0.078923 0.286396 0.999010 0.013650 -0.042339 0.000000 1.000000
31 -0.011407 -0.003722 0.357292 0.894855 0.258825 -0.363655 0.000000 1.000000
31 0.014328 -0.074356 0.368246 0.848209 -0.438070 -0.297718 0.000000 1.000000
MaleBody_full.bmp
2 0.054535 -0.044027 0.445719 0.520655 -0.556684 -0.647318 0.000000 1.000000
31 -0.060184 -0.097761 0.385333 -0.307418 -0.934549 0.179200 0.000000 1.000000
31 0.014328 -0.074356 0.368246 0.848209 -0.438070 -0.297718 0.000000 1.000000
MaleBody_full.bmp
31 -0.060184 -0.097761 0.385333 -0.307418 -0.934549 0.179200 0.000000 1.000000
2 0.054535 -0.044027 0.445719 0.520655 -0.556684 -0.647318 0.000000 1.000000
31 -0.027943 -0.076092 0.456451 -0.385436 -0.905848 0.175722 0.000000 1.000000
MaleBody_full.bmp
31 0.014328 -0.074356 0.368246 0.848209 -0.438070 -0.297718 0.000000 1.000000
31 -0.059391 -0.093417 0.298110 -0.145121 -0.861222 0.487069 0.000000 1.000000
31 -0.023099 -0.078923 0.286396 0.999010 0.013650 -0.042339 0.000000 1.000000
MaleBody_full.bmp
31 -0.059391 -0.093417 0.298110 -0.145121 -0.861222 0.487069 0.000000 1.000000
31 0.014328 -0.074356 0.368246 0.848209 -0.438070 -0.297718 0.000000 1.000000
31 -0.060184 -0.097761 0.385333 -0.307418 -0.934549 0.179200 0.000000 1.000000
MaleBody_full.bmp
31 -0.027943 -0.076092 0.456451 -0.385436 -0.905848 0.175722 0.000000 1.000000
31 -0.086961 -0.039524 0.376012 -0.978785 0.035826 0.201736 0.000000 1.000000
31 -0.060184 -0.097761 0.385333 -0.307418 -0.934549 0.179200 0.000000 1.000000
MaleBody_full.bmp
31 -0.086961 -0.039524 0.376012 -0.978785 0.035826 0.201736 0.000000 1.000000
31 -0.027943 -0.076092 0.456451 -0.385436 -0.905848 0.175722 0.000000 1.000000
31 -0.057496 -0.023149 0.469491 -0.937937 -0.233133 0.256755 0.000000 1.000000
MaleBody_full.bmp
31 -0.060184 -0.097761 0.385333 -0.307418 -0.934549 0.179200 0.000000 1.000000
31 -0.087977 -0.067688 0.286510 -0.970431 -0.241361 0.002764 0.000000 1.000000
31 -0.059391 -0.093417 0.298110 -0.145121 -0.861222 0.487069 0.000000 1.000000
MaleBody_full.bmp
31 -0.087977 -0.067688 0.286510 -0.970431 -0.241361 0.002764 0.000000 1.000000
31 -0.060184 -0.097761 0.385333 -0.307418 -0.934549 0.179200 0.000000 1.000000
31 -0.086961 -0.039524 0.376012 -0.978785 0.035826 0.201736 0.000000 1.000000
MaleBody_full.bmp
33 -0.078095 -0.243359 0.085228 0.001081 -0.886056 -0.463577 0.000000 1.000000
33 -0.056715 -0.269483 0.135154 0.001296 -0.885805 -0.464056 0.000000 1.000000
33 -0.089323 -0.263808 0.124219 0.001485 -0.885771 -0.464120 0.000000 1.000000
MaleBody_full.bmp
33 -0.056715 -0.269483 0.135154 0.001296 -0.885805 -0.464056 0.000000 1.000000
33 -0.078095 -0.243359 0.085228 0.001081 -0.886056 -0.463577 0.000000 1.000000
33 -0.034914 -0.249194 0.096471 0.000684 -0.886332 -0.463049 0.000000 1.000000
MaleBody_full.bmp
32 -0.071432 -0.071151 0.226376 -0.757710 0.441795 -0.480305 0.000000 1.000000
32 -0.080432 -0.147637 0.186232 -0.993949 -0.101723 -0.041438 0.000000 1.000000
32 -0.086478 -0.105059 0.247328 -0.980916 -0.129693 0.144854 0.000000 1.000000
MaleBody_full.bmp
32 -0.080432 -0.147637 0.186232 -0.993949 -0.101723 -0.041438 0.000000 1.000000
32 -0.071432 -0.071151 0.226376 -0.757710 0.441795 -0.480305 0.000000 1.000000
32 -0.067330 -0.114307 0.166279 -0.496080 0.649790 -0.575915 0.000000 1.000000
MaleBody_full.bmp
32 -0.067330 -0.114307 0.166279 -0.496080 0.649790 -0.575915 0.000000 1.000000
32 -0.070779 -0.188016 0.118506 -0.969312 -0.232318 -0.080388 0.000000 1.000000
32 -0.080432 -0.147637 0.186232 -0.993949 -0.101723 -0.041438 0.000000 1.000000
MaleBody_full.bmp
32 -0.070779 -0.188016 0.118506 -0.969312 -0.232318 -0.080388 0.000000 1.000000
32 -0.067330 -0.114307 0.166279 -0.496080 0.649790 -0.575915 0.000000 1.000000
32 -0.057909 -0.165762 0.100699 0.078795 0.675373 -0.733255 0.000000 1.000000
MaleBody_full.bmp
32 -0.023338 -0.082745 0.213847 0.900917 0.390435 -0.189497 0.000000 1.000000
32 -0.008545 -0.147450 0.198010 0.901683 -0.432395 0.001183 0.000000 1.000000
32 -0.029589 -0.122613 0.170181 0.930766 0.129403 -0.341949 0.000000 1.000000
MaleBody_full.bmp
32 -0.008545 -0.147450 0.198010 0.901683 -0.432395 0.001183 0.000000 1.000000
32 -0.023338 -0.082745 0.213847 0.900917 0.390435 -0.189497 0.000000 1.000000
32 -0.000855 -0.113942 0.254195 0.800454 -0.368668 0.472607 0.000000 1.000000
MaleBody_full.bmp
32 -0.029589 -0.122613 0.170181 0.930766 0.129403 -0.341949 0.000000 1.000000
32 -0.036874 -0.189413 0.138845 0.934235 -0.354650 -0.037788 0.000000 1.000000
33 -0.038878 -0.191624 0.118746 0.993631 -0.065276 -0.091851 0.000000 1.000000
MaleBody_full.bmp
32 -0.036874 -0.189413 0.138845 0.934235 -0.354650 -0.037788 0.000000 1.000000
32 -0.029589 -0.122613 0.170181 0.930766 0.129403 -0.341949 0.000000 1.000000
32 -0.008545 -0.147450 0.198010 0.901683 -0.432395 0.001183 0.000000 1.000000
MaleBody_full.bmp
32 -0.000855 -0.113942 0.254195 0.800454 -0.368668 0.472607 0.000000 1.000000
32 -0.064019 -0.172091 0.211099 -0.220034 -0.907971 0.356613 0.000000 1.000000
32 -0.008545 -0.147450 0.198010 0.901683 -0.432395 0.001183 0.000000 1.000000
MaleBody_full.bmp
32 -0.064019 -0.172091 0.211099 -0.220034 -0.907971 0.356613 0.000000 1.000000
32 -0.000855 -0.113942 0.254195 0.800454 -0.368668 0.472607 0.000000 1.000000
32 -0.065013 -0.137948 0.277359 -0.507989 -0.617944 0.600077 0.000000 1.000000
MaleBody_full.bmp
32 -0.008545 -0.147450 0.198010 0.901683 -0.432395 0.001183 0.000000 1.000000
32 -0.058799 -0.190745 0.143224 0.015598 -0.932405 0.361078 0.000000 1.000000
32 -0.036874 -0.189413 0.138845 0.934235 -0.354650 -0.037788 0.000000 1.000000
MaleBody_full.bmp
32 -0.058799 -0.190745 0.143224 0.015598 -0.932405 0.361078 0.000000 1.000000
32 -0.008545 -0.147450 0.198010 0.901683 -0.432395 0.001183 0.000000 1.000000
32 -0.064019 -0.172091 0.211099 -0.220034 -0.907971 0.356613 0.000000 1.000000
MaleBody_full.bmp
32 -0.065013 -0.137948 0.277359 -0.507989 -0.617944 0.600077 0.000000 1.000000
32 -0.080432 -0.147637 0.186232 -0.993949 -0.101723 -0.041438 0.000000 1.000000
32 -0.064019 -0.172091 0.211099 -0.220034 -0.907971 0.356613 0.000000 1.000000
MaleBody_full.bmp
32 -0.080432 -0.147637 0.186232 -0.993949 -0.101723 -0.041438 0.000000 1.000000
32 -0.065013 -0.137948 0.277359 -0.507989 -0.617944 0.600077 0.000000 1.000000
32 -0.086478 -0.105059 0.247328 -0.980916 -0.129693 0.144854 0.000000 1.000000
MaleBody_full.bmp
32 -0.064019 -0.172091 0.211099 -0.220034 -0.907971 0.356613 0.000000 1.000000
32 -0.070779 -0.188016 0.118506 -0.969312 -0.232318 -0.080388 0.000000 1.000000
32 -0.058799 -0.190745 0.143224 0.015598 -0.932405 0.361078 0.000000 1.000000
MaleBody_full.bmp
32 -0.070779 -0.188016 0.118506 -0.969312 -0.232318 -0.080388 0.000000 1.000000
32 -0.064019 -0.172091 0.211099 -0.220034 -0.907971 0.356613 0.000000 1.000000
32 -0.080432 -0.147637 0.186232 -0.993949 -0.101723 -0.041438 0.000000 1.000000
MaleBody_full.bmp
31 -0.057496 -0.023149 0.469491 -0.937937 -0.233133 0.256755 0.000000 1.000000
2 -0.046265 0.014881 0.512939 -0.964933 0.258444 0.045954 0.000000 1.000000
31 -0.042675 0.024340 0.459891 -0.587824 0.805753 -0.072278 0.000000 1.000000
MaleBody_full.bmp
2 -0.046265 0.014881 0.512939 -0.964933 0.258444 0.045954 0.000000 1.000000
31 -0.057496 -0.023149 0.469491 -0.937937 -0.233133 0.256755 0.000000 1.000000
2 -0.046225 -0.026367 0.510133 -0.934829 -0.298302 0.192641 0.000000 1.000000
MaleBody_full.bmp
2 0.002145 0.067533 0.493324 -0.438695 0.791929 -0.424729 0.000000 1.000000
31 0.009485 0.022418 0.451627 -0.397977 0.691173 -0.603236 0.000000 1.000000
2 -0.026906 0.036633 0.502515 -0.628269 0.737914 -0.246495 0.000000 1.000000
MaleBody_full.bmp
31 0.009485 0.022418 0.451627 -0.397977 0.691173 -0.603236 0.000000 1.000000
2 0.002145 0.067533 0.493324 -0.438695 0.791929 -0.424729 0.000000 1.000000
2 0.009983 0.053384 0.459790 0.254097 0.652283 -0.714116 0.000000 1.000000
MaleBody_full.bmp
2 0.025291 -0.049658 0.552396 0.285510 -0.832801 0.474265 0.000000 1.000000
2 -0.019462 -0.073950 0.508364 -0.450301 -0.854461 0.259086 0.000000 1.000000
2 0.035790 -0.068606 0.507639 0.348787 -0.915208 0.201849 0.000000 1.000000
MaleBody_full.bmp
2 -0.019462 -0.073950 0.508364 -0.450301 -0.854461 0.259086 0.000000 1.000000
2 0.025291 -0.049658 0.552396 0.285510 -0.832801 0.474265 0.000000 1.000000
2 -0.022740 -0.050000 0.556322 -0.532343 -0.697314 0.479962 0.000000 1.000000
MaleBody_full.bmp
2 0.035790 -0.068606 0.507639 0.348787 -0.915208 0.201849 0.000000 1.000000
2 -0.021020 -0.075415 0.465227 -0.284992 -0.944118 0.165591 0.000000 1.000000
2 0.030608 -0.071500 0.465055 0.296813 -0.925100 -0.236836 0.000000 1.000000
MaleBody_full.bmp
2 -0.021020 -0.075415 0.465227 -0.284992 -0.944118 0.165591 0.000000 1.000000
2 0.035790 -0.068606 0.507639 0.348787 -0.915208 0.201849 0.000000 1.000000
2 -0.019462 -0.073950 0.508364 -0.450301 -0.854461 0.259086 0.000000 1.000000
MaleBody_full.bmp
2 0.030608 -0.071500 0.465055 0.296813 -0.925100 -0.236836 0.000000 1.000000
31 -0.027943 -0.076092 0.456451 -0.385436 -0.905848 0.175722 0.000000 1.000000
2 0.054535 -0.044027 0.445719 0.520655 -0.556684 -0.647318 0.000000 1.000000
MaleBody_full.bmp
31 -0.027943 -0.076092 0.456451 -0.385436 -0.905848 0.175722 0.000000 1.000000
2 0.030608 -0.071500 0.465055 0.296813 -0.925100 -0.236836 0.000000 1.000000
2 -0.021020 -0.075415 0.465227 -0.284992 -0.944118 0.165591 0.000000 1.000000
MaleBody_full.bmp
32 -0.071432 -0.071151 0.226376 -0.757710 0.441795 -0.480305 0.000000 1.000000
31 -0.087977 -0.067688 0.286510 -0.970431 -0.241361 0.002764 0.000000 1.000000
31 -0.081226 -0.018887 0.268942 -0.494205 0.750873 -0.438123 0.000000 1.000000
MaleBody_full.bmp
31 -0.087977 -0.067688 0.286510 -0.970431 -0.241361 0.002764 0.000000 1.000000
32 -0.071432 -0.071151 0.226376 -0.757710 0.441795 -0.480305 0.000000 1.000000
32 -0.086478 -0.105059 0.247328 -0.980916 -0.129693 0.144854 0.000000 1.000000
MaleBody_full.bmp
32 -0.086478 -0.105059 0.247328 -0.980916 -0.129693 0.144854 0.000000 1.000000
31 -0.059391 -0.093417 0.298110 -0.145121 -0.861222 0.487069 0.000000 1.000000
31 -0.087977 -0.067688 0.286510 -0.970431 -0.241361 0.002764 0.000000 1.000000
MaleBody_full.bmp
31 -0.059391 -0.093417 0.298110 -0.145121 -0.861222 0.487069 0.000000 1.000000
32 -0.086478 -0.105059 0.247328 -0.980916 -0.129693 0.144854 0.000000 1.000000
32 -0.065013 -0.137948 0.277359 -0.507989 -0.617944 0.600077 0.000000 1.000000
MaleBody_full.bmp
31 -0.059391 -0.093417 0.298110 -0.145121 -0.861222 0.487069 0.000000 1.000000
32 -0.000855 -0.113942 0.254195 0.800454 -0.368668 0.472607 0.000000 1.000000
31 -0.023099 -0.078923 0.286396 0.999010 0.013650 -0.042339 0.000000 1.000000
MaleBody_full.bmp
32 -0.000855 -0.113942 0.254195 0.800454 -0.368668 0.472607 0.000000 1.000000
31 -0.059391 -0.093417 0.298110 -0.145121 -0.861222 0.487069 0.000000 1.000000
32 -0.065013 -0.137948 0.277359 -0.507989 -0.617944 0.600077 0.000000 1.000000
MaleBody_full.bmp
31 -0.023099 -0.078923 0.286396 0.999010 0.013650 -0.042339 0.000000 1.000000
32 -0.023338 -0.082745 0.213847 0.900917 0.390435 -0.189497 0.000000 1.000000
31 -0.038877 -0.043436 0.271494 0.922902 0.321126 -0.212440 0.000000 1.000000
MaleBody_full.bmp
32 -0.023338 -0.082745 0.213847 0.900917 0.390435 -0.189497 0.000000 1.000000
31 -0.023099 -0.078923 0.286396 0.999010 0.013650 -0.042339 0.000000 1.000000
32 -0.000855 -0.113942 0.254195 0.800454 -0.368668 0.472607 0.000000 1.000000
MaleBody_full.bmp
2 -0.022740 -0.050000 0.556322 -0.532343 -0.697314 0.479962 0.000000 1.000000
2 -0.046225 -0.026367 0.510133 -0.934829 -0.298302 0.192641 0.000000 1.000000
2 -0.019462 -0.073950 0.508364 -0.450301 -0.854461 0.259086 0.000000 1.000000
MaleBody_full.bmp
2 -0.046225 -0.026367 0.510133 -0.934829 -0.298302 0.192641 0.000000 1.000000
2 -0.022740 -0.050000 0.556322 -0.532343 -0.697314 0.479962 0.000000 1.000000
2 -0.044171 -0.016952 0.538487 -0.959389 -0.215505 0.182015 0.000000 1.000000
MaleBody_full.bmp
2 -0.019462 -0.073950 0.508364 -0.450301 -0.854461 0.259086 0.000000 1.000000
31 -0.057496 -0.023149 0.469491 -0.937937 -0.233133 0.256755 0.000000 1.000000
2 -0.021020 -0.075415 0.465227 -0.284992 -0.944118 0.165591 0.000000 1.000000
MaleBody_full.bmp
31 -0.057496 -0.023149 0.469491 -0.937937 -0.233133 0.256755 0.000000 1.000000
2 -0.019462 -0.073950 0.508364 -0.450301 -0.854461 0.259086 0.000000 1.000000
2 -0.046225 -0.026367 0.510133 -0.934829 -0.298302 0.192641 0.000000 1.000000
MaleBody_full.bmp
2 -0.021020 -0.075415 0.465227 -0.284992 -0.944118 0.165591 0.000000 1.000000
31 -0.057496 -0.023149 0.469491 -0.937937 -0.233133 0.256755 0.000000 1.000000
31 -0.027943 -0.076092 0.456451 -0.385436 -0.905848 0.175722 0.000000 1.000000
MaleBody_full.bmp
3 0.017491 -0.053804 0.613108 0.111326 -0.977775 -0.177660 0.000000 1.000000
3 0.021139 -0.062239 0.666236 0.205325 -0.977252 -0.053099 0.000000 1.000000
3 -0.015073 -0.061095 0.668874 -0.222296 -0.972503 -0.069448 0.000000 1.000000
MaleBody_full.bmp
3 -0.032400 -0.051152 0.674986 -0.825434 -0.563468 -0.034099 0.000000 1.000000
3 -0.040493 -0.000736 0.621729 -0.984921 -0.141185 -0.099992 0.000000 1.000000
3 -0.022631 -0.047334 0.617533 -0.611507 -0.773544 -0.166399 0.000000 1.000000
MaleBody_full.bmp
3 -0.040493 -0.000736 0.621729 -0.984921 -0.141185 -0.099992 0.000000 1.000000
3 -0.032400 -0.051152 0.674986 -0.825434 -0.563468 -0.034099 0.000000 1.000000
3 -0.051280 -0.002175 0.676498 -0.985799 -0.164992 0.031266 0.000000 1.000000
MaleBody_full.bmp
3 -0.040493 -0.000736 0.621729 -0.984921 -0.141185 -0.099992 0.000000 1.000000
3 -0.038205 0.043339 0.669089 -0.871344 0.478930 -0.106704 0.000000 1.000000
3 -0.035411 0.035093 0.617365 -0.844905 0.534795 -0.011416 0.000000 1.000000
MaleBody_full.bmp
3 -0.038205 0.043339 0.669089 -0.871344 0.478930 -0.106704 0.000000 1.000000
3 -0.040493 -0.000736 0.621729 -0.984921 -0.141185 -0.099992 0.000000 1.000000
3 -0.051280 -0.002175 0.676498 -0.985799 -0.164992 0.031266 0.000000 1.000000
MaleBody_full.bmp
3 0.005255 0.072207 0.666805 -0.464920 0.869709 -0.165697 0.000000 1.000000
3 -0.035411 0.035093 0.617365 -0.844905 0.534795 -0.011416 0.000000 1.000000
3 -0.038205 0.043339 0.669089 -0.871344 0.478930 -0.106704 0.000000 1.000000
MaleBody_full.bmp
3 -0.035411 0.035093 0.617365 -0.844905 0.534795 -0.011416 0.000000 1.000000
3 0.005255 0.072207 0.666805 -0.464920 0.869709 -0.165697 0.000000 1.000000
3 0.004091 0.062396 0.608848 -0.489545 0.865649 0.104874 0.000000 1.000000
MaleBody_full.bmp
17 -0.076840 0.022896 0.754854 -0.797727 0.601390 0.044300 0.000000 1.000000
17 -0.028622 0.046602 0.751906 -0.520394 0.762262 -0.384899 0.000000 1.000000
17 -0.087223 -0.000132 0.710958 -0.906085 0.416584 -0.073947 0.000000 1.000000
MaleBody_full.bmp
17 -0.087223 -0.000132 0.710958 -0.906085 0.416584 -0.073947 0.000000 1.000000
17 -0.046433 0.001508 0.645020 -0.510686 0.838417 -0.190415 0.000000 1.000000
17 -0.087543 -0.020408 0.658843 -0.943926 0.291826 0.154407 0.000000 1.000000
MaleBody_full.bmp
17 -0.046433 0.001508 0.645020 -0.510686 0.838417 -0.190415 0.000000 1.000000
17 -0.087223 -0.000132 0.710958 -0.906085 0.416584 -0.073947 0.000000 1.000000
17 -0.036485 0.026975 0.694199 -0.520324 0.813691 -0.259173 0.000000 1.000000
MaleBody_full.bmp
17 0.001987 -0.005954 0.755481 0.729692 0.383457 0.566136 0.000000 1.000000
17 -0.002255 -0.027473 0.709338 0.900757 -0.431280 -0.051327 0.000000 1.000000
17 -0.036485 0.026975 0.694199 0.835488 0.438226 -0.331538 0.000000 1.000000
MaleBody_full.bmp
17 -0.036485 0.026975 0.694199 0.835488 0.438226 -0.331538 0.000000 1.000000
17 -0.017236 -0.041938 0.660964 0.986208 0.033403 -0.162108 0.000000 1.000000
17 -0.046433 0.001508 0.645020 0.843430 0.474018 -0.252852 0.000000 1.000000
MaleBody_full.bmp
17 -0.017236 -0.041938 0.660964 0.986208 0.033403 -0.162108 0.000000 1.000000
17 -0.036485 0.026975 0.694199 0.835488 0.438226 -0.331538 0.000000 1.000000
17 -0.002255 -0.027473 0.709338 0.900757 -0.431280 -0.051327 0.000000 1.000000
MaleBody_full.bmp
17 -0.001078 -0.015739 0.760306 0.718654 -0.501379 0.481826 0.000000 1.000000
17 -0.002255 -0.027473 0.709338 0.900757 -0.431280 -0.051327 0.000000 1.000000
17 0.001987 -0.005954 0.755481 0.729692 0.383457 0.566136 0.000000 1.000000
MaleBody_full.bmp
17 -0.001078 -0.015739 0.760306 0.718654 -0.501379 0.481826 0.000000 1.000000
17 -0.053009 -0.054600 0.726425 -0.349672 -0.873853 0.337804 0.000000 1.000000
17 -0.002255 -0.027473 0.709338 0.900757 -0.431280 -0.051327 0.000000 1.000000
MaleBody_full.bmp
17 -0.001078 -0.015739 0.760306 0.718654 -0.501379 0.481826 0.000000 1.000000
17 -0.042217 -0.031398 0.769067 -0.256096 -0.829837 0.495767 0.000000 1.000000
17 -0.053009 -0.054600 0.726425 -0.349672 -0.873853 0.337804 0.000000 1.000000
MaleBody_full.bmp
17 -0.002255 -0.027473 0.709338 0.900757 -0.431280 -0.051327 0.000000 1.000000
17 -0.058194 -0.063840 0.674721 -0.089776 -0.937074 0.337390 0.000000 1.000000
17 -0.017236 -0.041938 0.660964 0.986208 0.033403 -0.162108 0.000000 1.000000
MaleBody_full.bmp
17 -0.058194 -0.063840 0.674721 -0.089776 -0.937074 0.337390 0.000000 1.000000
17 -0.002255 -0.027473 0.709338 0.900757 -0.431280 -0.051327 0.000000 1.000000
17 -0.053009 -0.054600 0.726425 -0.349672 -0.873853 0.337804 0.000000 1.000000
MaleBody_full.bmp
17 -0.068077 -0.004138 0.764264 -0.809089 -0.287419 0.512606 0.000000 1.000000
17 -0.087223 -0.000132 0.710958 -0.906085 0.416584 -0.073947 0.000000 1.000000
17 -0.053009 -0.054600 0.726425 -0.349672 -0.873853 0.337804 0.000000 1.000000
MaleBody_full.bmp
17 -0.053009 -0.054600 0.726425 -0.349672 -0.873853 0.337804 0.000000 1.000000
17 -0.087543 -0.020408 0.658843 -0.943926 0.291826 0.154407 0.000000 1.000000
17 -0.058194 -0.063840 0.674721 -0.089776 -0.937074 0.337390 0.000000 1.000000
MaleBody_full.bmp
17 -0.087543 -0.020408 0.658843 -0.943926 0.291826 0.154407 0.000000 1.000000
17 -0.053009 -0.054600 0.726425 -0.349672 -0.873853 0.337804 0.000000 1.000000
17 -0.087223 -0.000132 0.710958 -0.906085 0.416584 -0.073947 0.000000 1.000000
MaleBody_full.bmp
18 -0.098478 -0.023095 0.636075 -0.926515 0.322553 0.193725 0.000000 1.000000
18 -0.069867 -0.017419 0.562164 -0.489877 0.858679 -0.150635 0.000000 1.000000
18 -0.100109 -0.031984 0.577018 -0.964816 0.259104 -0.044680 0.000000 1.000000
MaleBody_full.bmp
18 -0.069867 -0.017419 0.562164 -0.489877 0.858679 -0.150635 0.000000 1.000000
18 -0.098478 -0.023095 0.636075 -0.926515 0.322553 0.193725 0.000000 1.000000
18 -0.050203 0.001120 0.616493 -0.454479 0.890730 0.006923 0.000000 1.000000
MaleBody_full.bmp
18 -0.100109 -0.031984 0.577018 -0.964816 0.259104 -0.044680 0.000000 1.000000
18 -0.077990 -0.031629 0.525724 -0.469861 0.882400 0.024511 0.000000 1.000000
18 -0.101108 -0.043532 0.528404 -0.914783 0.126236 0.383714 0.000000 1.000000
MaleBody_full.bmp
18 -0.077990 -0.031629 0.525724 -0.469861 0.882400 0.024511 0.000000 1.000000
18 -0.100109 -0.031984 0.577018 -0.964816 0.259104 -0.044680 0.000000 1.000000
18 -0.069867 -0.017419 0.562164 -0.489877 0.858679 -0.150635 0.000000 1.000000
MaleBody_full.bmp
18 -0.050203 0.001120 0.616493 0.853618 0.413271 -0.317086 0.000000 1.000000
18 -0.048324 -0.068925 0.574690 0.840330 -0.416513 -0.346934 0.000000 1.000000
18 -0.069867 -0.017419 0.562164 0.893557 0.278826 -0.351868 0.000000 1.000000
MaleBody_full.bmp
18 -0.048324 -0.068925 0.574690 0.840330 -0.416513 -0.346934 0.000000 1.000000
18 -0.050203 0.001120 0.616493 0.853618 0.413271 -0.317086 0.000000 1.000000
18 -0.018293 -0.051838 0.627649 0.803488 -0.593390 -0.047906 0.000000 1.000000
MaleBody_full.bmp
18 -0.069867 -0.017419 0.562164 0.893557 0.278826 -0.351868 0.000000 1.000000
18 -0.065534 -0.068663 0.529187 0.942370 -0.253888 -0.217900 0.000000 1.000000
18 -0.077990 -0.031629 0.525724 0.936771 0.346133 -0.051490 0.000000 1.000000
MaleBody_full.bmp
18 -0.065534 -0.068663 0.529187 0.942370 -0.253888 -0.217900 0.000000 1.000000
18 -0.069867 -0.017419 0.562164 0.893557 0.278826 -0.351868 0.000000 1.000000
18 -0.048324 -0.068925 0.574690 0.840330 -0.416513 -0.346934 0.000000 1.000000
MaleBody_full.bmp
18 -0.018293 -0.051838 0.627649 0.803488 -0.593390 -0.047906 0.000000 1.000000
18 -0.071619 -0.079714 0.586310 -0.305479 -0.949657 0.069527 0.000000 1.000000
18 -0.048324 -0.068925 0.574690 0.840330 -0.416513 -0.346934 0.000000 1.000000
MaleBody_full.bmp
18 -0.071619 -0.079714 0.586310 -0.305479 -0.949657 0.069527 0.000000 1.000000
18 -0.018293 -0.051838 0.627649 0.803488 -0.593390 -0.047906 0.000000 1.000000
18 -0.066226 -0.076068 0.647178 -0.435744 -0.868073 0.237859 0.000000 1.000000
MaleBody_full.bmp
18 -0.048324 -0.068925 0.574690 0.840330 -0.416513 -0.346934 0.000000 1.000000
18 -0.082636 -0.076105 0.532495 -0.025281 -0.999680 0.000732 0.000000 1.000000
18 -0.065534 -0.068663 0.529187 0.942370 -0.253888 -0.217900 0.000000 1.000000
MaleBody_full.bmp
18 -0.082636 -0.076105 0.532495 -0.025281 -0.999680 0.000732 0.000000 1.000000
18 -0.048324 -0.068925 0.574690 0.840330 -0.416513 -0.346934 0.000000 1.000000
18 -0.071619 -0.079714 0.586310 -0.305479 -0.949657 0.069527 0.000000 1.000000
MaleBody_full.bmp
18 -0.066226 -0.076068 0.647178 -0.435744 -0.868073 0.237859 0.000000 1.000000
18 -0.100109 -0.031984 0.577018 -0.964816 0.259104 -0.044680 0.000000 1.000000
18 -0.071619 -0.079714 0.586310 -0.305479 -0.949657 0.069527 0.000000 1.000000
MaleBody_full.bmp
18 -0.100109 -0.031984 0.577018 -0.964816 0.259104 -0.044680 0.000000 1.000000
18 -0.066226 -0.076068 0.647178 -0.435744 -0.868073 0.237859 0.000000 1.000000
18 -0.098478 -0.023095 0.636075 -0.926515 0.322553 0.193725 0.000000 1.000000
MaleBody_full.bmp
18 -0.071619 -0.079714 0.586310 -0.305479 -0.949657 0.069527 0.000000 1.000000
18 -0.101108 -0.043532 0.528404 -0.914783 0.126236 0.383714 0.000000 1.000000
18 -0.082636 -0.076105 0.532495 -0.025281 -0.999680 0.000732 0.000000 1.000000
MaleBody_full.bmp
18 -0.101108 -0.043532 0.528404 -0.914783 0.126236 0.383714 0.000000 1.000000
18 -0.071619 -0.079714 0.586310 -0.305479 -0.949657 0.069527 0.000000 1.000000
18 -0.100109 -0.031984 0.577018 -0.964816 0.259104 -0.044680 0.000000 1.000000
MaleBody_full.bmp
22 -0.088804 -0.011918 0.418593 0.414270 0.908837 -0.048956 0.000000 1.000000
22 -0.075274 -0.058324 0.448928 0.991333 0.025784 0.128815 0.000000 1.000000
22 -0.077707 -0.057468 0.427376 0.970919 0.217066 -0.100986 0.000000 1.000000
MaleBody_full.bmp
22 -0.075274 -0.058324 0.448928 0.991333 0.025784 0.128815 0.000000 1.000000
22 -0.088804 -0.011918 0.418593 0.414270 0.908837 -0.048956 0.000000 1.000000
22 -0.086542 -0.012278 0.440471 0.674543 0.583203 0.452622 0.000000 1.000000
MaleBody_full.bmp
20 -0.084960 -0.012752 0.459298 0.815538 0.254148 -0.519910 0.000000 1.000000
20 -0.095641 -0.018718 0.447863 0.384302 -0.414623 -0.824863 0.000000 1.000000
20 -0.092910 -0.005690 0.454499 0.646450 0.234327 -0.726081 0.000000 1.000000
MaleBody_full.bmp
20 -0.095641 -0.018718 0.447863 0.384302 -0.414623 -0.824863 0.000000 1.000000
20 -0.084960 -0.012752 0.459298 0.815538 0.254148 -0.519910 0.000000 1.000000
20 -0.085643 -0.021073 0.451808 0.860599 -0.425261 -0.280220 0.000000 1.000000
MaleBody_full.bmp
19 -0.062776 -0.061667 0.489157 0.898636 -0.340498 -0.276614 0.000000 1.000000
19 -0.108024 -0.024677 0.474007 0.972825 -0.079573 -0.217437 0.000000 1.000000
19 -0.083411 -0.017187 0.497395 0.897572 0.006195 -0.440824 0.000000 1.000000
MaleBody_full.bmp
19 -0.108024 -0.024677 0.474007 0.972825 -0.079573 -0.217437 0.000000 1.000000
19 -0.062776 -0.061667 0.489157 0.898636 -0.340498 -0.276614 0.000000 1.000000
19 -0.081154 -0.066812 0.457039 0.939636 -0.324426 0.108778 0.000000 1.000000
MaleBody_full.bmp
19 -0.062776 -0.061667 0.489157 0.898636 -0.340498 -0.276614 0.000000 1.000000
19 -0.099036 -0.074952 0.453563 -0.363668 -0.871496 -0.328999 0.000000 1.000000
19 -0.081154 -0.066812 0.457039 0.939636 -0.324426 0.108778 0.000000 1.000000
MaleBody_full.bmp
19 -0.099036 -0.074952 0.453563 -0.363668 -0.871496 -0.328999 0.000000 1.000000
19 -0.062776 -0.061667 0.489157 0.898636 -0.340498 -0.276614 0.000000 1.000000
19 -0.094491 -0.080033 0.498552 -0.449540 -0.878799 0.160082 0.000000 1.000000
MaleBody_full.bmp
19 -0.116664 -0.034033 0.508266 -0.838656 0.366257 0.403127 0.000000 1.000000
19 -0.099036 -0.074952 0.453563 -0.363668 -0.871496 -0.328999 0.000000 1.000000
19 -0.094491 -0.080033 0.498552 -0.449540 -0.878799 0.160082 0.000000 1.000000
MaleBody_full.bmp
19 -0.099036 -0.074952 0.453563 -0.363668 -0.871496 -0.328999 0.000000 1.000000
19 -0.116664 -0.034033 0.508266 -0.838656 0.366257 0.403127 0.000000 1.000000
19 -0.124920 -0.034666 0.470654 -0.990346 -0.057115 -0.126303 0.000000 1.000000
MaleBody_full.bmp
17 -0.058194 -0.063840 0.674721 -0.089776 -0.937074 0.337390 0.000000 1.000000
18 -0.098478 -0.023095 0.636075 -0.926515 0.322553 0.193725 0.000000 1.000000
18 -0.066226 -0.076068 0.647178 -0.435744 -0.868073 0.237859 0.000000 1.000000
MaleBody_full.bmp
18 -0.098478 -0.023095 0.636075 -0.926515 0.322553 0.193725 0.000000 1.000000
17 -0.058194 -0.063840 0.674721 -0.089776 -0.937074 0.337390 0.000000 1.000000
17 -0.087543 -0.020408 0.658843 -0.943926 0.291826 0.154407 0.000000 1.000000
MaleBody_full.bmp
17 -0.087543 -0.020408 0.658843 -0.943926 0.291826 0.154407 0.000000 1.000000
18 -0.050203 0.001120 0.616493 -0.454479 0.890730 0.006923 0.000000 1.000000
18 -0.098478 -0.023095 0.636075 -0.926515 0.322553 0.193725 0.000000 1.000000
MaleBody_full.bmp
18 -0.050203 0.001120 0.616493 -0.454479 0.890730 0.006923 0.000000 1.000000
17 -0.087543 -0.020408 0.658843 -0.943926 0.291826 0.154407 0.000000 1.000000
17 -0.046433 0.001508 0.645020 -0.510686 0.838417 -0.190415 0.000000 1.000000
MaleBody_full.bmp
17 -0.017236 -0.041938 0.660964 0.986208 0.033403 -0.162108 0.000000 1.000000
18 -0.050203 0.001120 0.616493 0.853618 0.413271 -0.317086 0.000000 1.000000
17 -0.046433 0.001508 0.645020 0.843430 0.474018 -0.252852 0.000000 1.000000
MaleBody_full.bmp
18 -0.050203 0.001120 0.616493 0.853618 0.413271 -0.317086 0.000000 1.000000
17 -0.017236 -0.041938 0.660964 0.986208 0.033403 -0.162108 0.000000 1.000000
18 -0.018293 -0.051838 0.627649 0.803488 -0.593390 -0.047906 0.000000 1.000000
MaleBody_full.bmp
18 -0.018293 -0.051838 0.627649 0.803488 -0.593390 -0.047906 0.000000 1.000000
17 -0.058194 -0.063840 0.674721 -0.089776 -0.937074 0.337390 0.000000 1.000000
18 -0.066226 -0.076068 0.647178 -0.435744 -0.868073 0.237859 0.000000 1.000000
MaleBody_full.bmp
17 -0.058194 -0.063840 0.674721 -0.089776 -0.937074 0.337390 0.000000 1.000000
18 -0.018293 -0.051838 0.627649 0.803488 -0.593390 -0.047906 0.000000 1.000000
17 -0.017236 -0.041938 0.660964 0.986208 0.033403 -0.162108 0.000000 1.000000
MaleBody_full.bmp
16 -0.023710 0.007922 0.815736 -0.266269 -0.276953 0.923254 0.000000 1.000000
17 -0.068077 -0.004138 0.764264 -0.809089 -0.287419 0.512606 0.000000 1.000000
17 -0.042217 -0.031398 0.769067 -0.256096 -0.829837 0.495767 0.000000 1.000000
MaleBody_full.bmp
17 -0.068077 -0.004138 0.764264 -0.809089 -0.287419 0.512606 0.000000 1.000000
16 -0.023710 0.007922 0.815736 -0.266269 -0.276953 0.923254 0.000000 1.000000
16 -0.039904 0.032821 0.812485 -0.241742 0.474367 0.846485 0.000000 1.000000
MaleBody_full.bmp
16 -0.039904 0.032821 0.812485 -0.241742 0.474367 0.846485 0.000000 1.000000
16 0.001449 0.018828 0.807877 0.236461 0.252241 0.938329 0.000000 1.000000
16 -0.006976 0.041425 0.799086 0.111718 0.688474 0.716605 0.000000 1.000000
MaleBody_full.bmp
16 0.001449 0.018828 0.807877 0.236461 0.252241 0.938329 0.000000 1.000000
16 -0.039904 0.032821 0.812485 -0.241742 0.474367 0.846485 0.000000 1.000000
16 -0.023710 0.007922 0.815736 -0.266269 -0.276953 0.923254 0.000000 1.000000
MaleBody_full.bmp
3 -0.015073 -0.061095 0.668874 -0.222296 -0.972503 -0.069448 0.000000 1.000000
4 0.022911 -0.059610 0.716919 0.196593 -0.956577 0.215201 0.000000 1.000000
4 -0.016762 -0.058390 0.725974 -0.371220 -0.889675 0.265845 0.000000 1.000000
MaleBody_full.bmp
4 0.022911 -0.059610 0.716919 0.196593 -0.956577 0.215201 0.000000 1.000000
3 -0.015073 -0.061095 0.668874 -0.222296 -0.972503 -0.069448 0.000000 1.000000
3 0.021139 -0.062239 0.666236 0.205325 -0.977252 -0.053099 0.000000 1.000000
MaleBody_full.bmp
16 0.001449 0.018828 0.807877 -0.196269 0.185835 0.962779 0.000000 1.000000
4 0.042231 0.034326 0.812897 -0.189400 -0.277094 0.941991 0.000000 1.000000
4 0.021584 0.051821 0.803387 -0.410458 0.029276 0.911410 0.000000 1.000000
MaleBody_full.bmp
16 -0.048395 0.046778 0.790183 -0.604721 0.761574 0.233063 0.000000 1.000000
16 -0.035077 0.047052 0.759144 -0.393676 0.909078 -0.136371 0.000000 1.000000
16 -0.054639 0.038848 0.768459 -0.501311 0.834098 -0.230149 0.000000 1.000000
MaleBody_full.bmp
16 -0.035077 0.047052 0.759144 -0.393676 0.909078 -0.136371 0.000000 1.000000
16 -0.048395 0.046778 0.790183 -0.604721 0.761574 0.233063 0.000000 1.000000
16 -0.020850 0.053656 0.776195 -0.098521 0.945037 0.311767 0.000000 1.000000
MaleBody_full.bmp
17 -0.076840 0.022896 0.754854 -0.797727 0.601390 0.044300 0.000000 1.000000
16 -0.048395 0.046778 0.790183 -0.604721 0.761574 0.233063 0.000000 1.000000
16 -0.054639 0.038848 0.768459 -0.501311 0.834098 -0.230149 0.000000 1.000000
MaleBody_full.bmp
4 -0.014411 -0.033904 0.777645 -0.234460 -0.853572 0.465234 0.000000 1.000000
4 0.005436 -0.011982 0.809049 0.042816 -0.516799 0.855036 0.000000 1.000000
4 -0.017382 -0.030188 0.781446 -0.486237 -0.783831 0.386242 0.000000 1.000000
MaleBody_full.bmp
4 -0.014411 -0.033904 0.777645 -0.234460 -0.853572 0.465234 0.000000 1.000000
4 0.035957 -0.005069 0.804972 0.355118 -0.598423 0.718179 0.000000 1.000000
4 0.005436 -0.011982 0.809049 0.042816 -0.516799 0.855036 0.000000 1.000000
MaleBody_full.bmp
4 -0.014411 -0.033904 0.777645 -0.234460 -0.853572 0.465234 0.000000 1.000000
4 0.024948 -0.040100 0.761518 0.211281 -0.859230 0.465924 0.000000 1.000000
4 0.035957 -0.005069 0.804972 0.355118 -0.598423 0.718179 0.000000 1.000000
MaleBody_full.bmp
4 0.077222 -0.023920 0.741925 0.450054 -0.772517 0.447961 0.000000 1.000000
4 0.035957 -0.005069 0.804972 0.355118 -0.598423 0.718179 0.000000 1.000000
4 0.024948 -0.040100 0.761518 0.211281 -0.859230 0.465924 0.000000 1.000000
MaleBody_full.bmp
4 0.035957 -0.005069 0.804972 0.355118 -0.598423 0.718179 0.000000 1.000000
4 0.077222 -0.023920 0.741925 0.450054 -0.772517 0.447961 0.000000 1.000000
4 0.074817 0.015441 0.787221 0.568058 -0.535202 0.625195 0.000000 1.000000
MaleBody_full.bmp
16 -0.023710 0.007922 0.815736 -0.266269 -0.276953 0.923254 0.000000 1.000000
4 0.005436 -0.011982 0.809049 -0.128270 -0.468875 0.873901 0.000000 1.000000
16 0.001449 0.018828 0.807877 0.236461 0.252241 0.938329 0.000000 1.000000
MaleBody_full.bmp
17 -0.042217 -0.031398 0.769067 -0.256096 -0.829837 0.495767 0.000000 1.000000
4 0.005436 -0.011982 0.809049 -0.128270 -0.468875 0.873901 0.000000 1.000000
16 -0.023710 0.007922 0.815736 -0.266269 -0.276953 0.923254 0.000000 1.000000
MaleBody_full.bmp
17 -0.042217 -0.031398 0.769067 -0.256096 -0.829837 0.495767 0.000000 1.000000
4 -0.017382 -0.030188 0.781446 -0.102379 -0.641873 0.759946 0.000000 1.000000
4 0.005436 -0.011982 0.809049 -0.128270 -0.468875 0.873901 0.000000 1.000000
MaleBody_full.bmp
17 -0.042217 -0.031398 0.769067 -0.256096 -0.829837 0.495767 0.000000 1.000000
17 -0.001078 -0.015739 0.760306 0.718654 -0.501379 0.481826 0.000000 1.000000
4 -0.017382 -0.030188 0.781446 -0.102379 -0.641873 0.759946 0.000000 1.000000
MaleBody_full.bmp
4 -0.033229 0.013688 0.745476 -0.409160 -0.129418 0.903238 0.000000 1.000000
17 0.001987 -0.005954 0.755481 0.729692 0.383457 0.566136 0.000000 1.000000
17 -0.028622 0.046602 0.751906 0.074648 0.131959 0.988441 0.000000 1.000000
MaleBody_full.bmp
17 0.001987 -0.005954 0.755481 0.729692 0.383457 0.566136 0.000000 1.000000
4 -0.033229 0.013688 0.745476 -0.409160 -0.129418 0.903238 0.000000 1.000000
4 -0.023801 -0.024257 0.771657 0.073919 0.623547 0.778283 0.000000 1.000000
MaleBody_full.bmp
3 -0.051280 -0.002175 0.676498 -0.985799 -0.164992 0.031266 0.000000 1.000000
4 -0.033264 -0.032070 0.719324 -0.968926 -0.128343 0.211447 0.000000 1.000000
4 -0.042820 -0.000088 0.710361 -0.846899 -0.388627 0.362947 0.000000 1.000000
MaleBody_full.bmp
4 -0.033264 -0.032070 0.719324 -0.968926 -0.128343 0.211447 0.000000 1.000000
3 -0.051280 -0.002175 0.676498 -0.985799 -0.164992 0.031266 0.000000 1.000000
3 -0.032400 -0.051152 0.674986 -0.825434 -0.563468 -0.034099 0.000000 1.000000
MaleBody_full.bmp
4 -0.043801 0.041318 0.744872 -0.380796 -0.125655 0.916081 0.000000 1.000000
4 -0.033229 0.013688 0.745476 -0.409160 -0.129418 0.903238 0.000000 1.000000
17 -0.028622 0.046602 0.751906 0.074648 0.131959 0.988441 0.000000 1.000000
MaleBody_full.bmp
4 -0.050130 0.012440 0.711965 -0.983728 -0.051337 0.172171 0.000000 1.000000
3 -0.051280 -0.002175 0.676498 -0.985799 -0.164992 0.031266 0.000000 1.000000
4 -0.042820 -0.000088 0.710361 -0.846899 -0.388627 0.362947 0.000000 1.000000
MaleBody_full.bmp
4 -0.033264 -0.032070 0.719324 -0.968926 -0.128343 0.211447 0.000000 1.000000
3 -0.032400 -0.051152 0.674986 -0.825434 -0.563468 -0.034099 0.000000 1.000000
4 -0.030581 -0.047373 0.725170 -0.859853 -0.468241 0.203479 0.000000 1.000000
MaleBody_full.bmp
18 -0.101108 -0.043532 0.528404 -0.914783 0.126236 0.383714 0.000000 1.000000
19 -0.083411 -0.017187 0.497395 -0.317229 0.839511 0.441121 0.000000 1.000000
19 -0.116664 -0.034033 0.508266 -0.838656 0.366257 0.403127 0.000000 1.000000
MaleBody_full.bmp
19 -0.083411 -0.017187 0.497395 -0.317229 0.839511 0.441121 0.000000 1.000000
18 -0.101108 -0.043532 0.528404 -0.914783 0.126236 0.383714 0.000000 1.000000
18 -0.077990 -0.031629 0.525724 -0.469861 0.882400 0.024511 0.000000 1.000000
MaleBody_full.bmp
18 -0.101108 -0.043532 0.528404 -0.914783 0.126236 0.383714 0.000000 1.000000
19 -0.094491 -0.080033 0.498552 -0.449540 -0.878799 0.160082 0.000000 1.000000
18 -0.082636 -0.076105 0.532495 -0.025281 -0.999680 0.000732 0.000000 1.000000
MaleBody_full.bmp
19 -0.094491 -0.080033 0.498552 -0.449540 -0.878799 0.160082 0.000000 1.000000
18 -0.101108 -0.043532 0.528404 -0.914783 0.126236 0.383714 0.000000 1.000000
19 -0.116664 -0.034033 0.508266 -0.838656 0.366257 0.403127 0.000000 1.000000
MaleBody_full.bmp
18 -0.082636 -0.076105 0.532495 -0.025281 -0.999680 0.000732 0.000000 1.000000
19 -0.062776 -0.061667 0.489157 0.898636 -0.340498 -0.276614 0.000000 1.000000
18 -0.065534 -0.068663 0.529187 0.942370 -0.253888 -0.217900 0.000000 1.000000
MaleBody_full.bmp
19 -0.062776 -0.061667 0.489157 0.898636 -0.340498 -0.276614 0.000000 1.000000
18 -0.082636 -0.076105 0.532495 -0.025281 -0.999680 0.000732 0.000000 1.000000
19 -0.094491 -0.080033 0.498552 -0.449540 -0.878799 0.160082 0.000000 1.000000
MaleBody_full.bmp
19 -0.062776 -0.061667 0.489157 0.898636 -0.340498 -0.276614 0.000000 1.000000
18 -0.077990 -0.031629 0.525724 0.936771 0.346133 -0.051490 0.000000 1.000000
18 -0.065534 -0.068663 0.529187 0.942370 -0.253888 -0.217900 0.000000 1.000000
MaleBody_full.bmp
18 -0.077990 -0.031629 0.525724 0.936771 0.346133 -0.051490 0.000000 1.000000
19 -0.062776 -0.061667 0.489157 0.898636 -0.340498 -0.276614 0.000000 1.000000
19 -0.083411 -0.017187 0.497395 0.897572 0.006195 -0.440824 0.000000 1.000000
MaleBody_full.bmp
4 0.042231 0.034326 0.812897 -0.189400 -0.277094 0.941991 0.000000 1.000000
5 0.023887 0.080071 0.827237 -0.748622 -0.394248 0.533042 0.000000 1.000000
4 0.021584 0.051821 0.803387 -0.410458 0.029276 0.911410 0.000000 1.000000
MaleBody_full.bmp
5 0.023887 0.080071 0.827237 -0.748622 -0.394248 0.533042 0.000000 1.000000
4 0.042231 0.034326 0.812897 -0.189400 -0.277094 0.941991 0.000000 1.000000
5 0.037665 0.066791 0.839440 -0.463907 -0.585968 0.664403 0.000000 1.000000
MaleBody_full.bmp
5 0.037665 0.066791 0.839440 -0.463907 -0.585968 0.664403 0.000000 1.000000
4 0.070472 0.041496 0.808184 0.249032 -0.562081 0.788700 0.000000 1.000000
5 0.063947 0.063272 0.839831 -0.212442 -0.735728 0.643097 0.000000 1.000000
MaleBody_full.bmp
4 0.070472 0.041496 0.808184 0.249032 -0.562081 0.788700 0.000000 1.000000
5 0.037665 0.066791 0.839440 -0.463907 -0.585968 0.664403 0.000000 1.000000
4 0.042231 0.034326 0.812897 -0.189400 -0.277094 0.941991 0.000000 1.000000
MaleBody_full.bmp
19 -0.081154 -0.066812 0.457039 0.939636 -0.324426 0.108778 0.000000 1.000000
22 -0.086542 -0.012278 0.440471 0.674543 0.583203 0.452622 0.000000 1.000000
19 -0.108024 -0.024677 0.474007 0.972825 -0.079573 -0.217437 0.000000 1.000000
MaleBody_full.bmp
22 -0.086542 -0.012278 0.440471 0.674543 0.583203 0.452622 0.000000 1.000000
19 -0.081154 -0.066812 0.457039 0.939636 -0.324426 0.108778 0.000000 1.000000
22 -0.075274 -0.058324 0.448928 0.991333 0.025784 0.128815 0.000000 1.000000
MaleBody_full.bmp
19 -0.108024 -0.024677 0.474007 0.972825 -0.079573 -0.217437 0.000000 1.000000
22 -0.088804 -0.011918 0.418593 0.414270 0.908837 -0.048956 0.000000 1.000000
19 -0.124920 -0.034666 0.470654 0.018661 0.289654 -0.956950 0.000000 1.000000
MaleBody_full.bmp
22 -0.088804 -0.011918 0.418593 0.414270 0.908837 -0.048956 0.000000 1.000000
19 -0.108024 -0.024677 0.474007 0.972825 -0.079573 -0.217437 0.000000 1.000000
22 -0.086542 -0.012278 0.440471 0.674543 0.583203 0.452622 0.000000 1.000000
MaleBody_full.bmp
22 -0.088804 -0.011918 0.418593 -0.697270 -0.257866 -0.668820 0.000000 1.000000
19 -0.099036 -0.074952 0.453563 -0.363668 -0.871496 -0.328999 0.000000 1.000000
19 -0.124920 -0.034666 0.470654 -0.990346 -0.057115 -0.126303 0.000000 1.000000
MaleBody_full.bmp
19 -0.099036 -0.074952 0.453563 -0.363668 -0.871496 -0.328999 0.000000 1.000000
22 -0.088804 -0.011918 0.418593 -0.697270 -0.257866 -0.668820 0.000000 1.000000
22 -0.077707 -0.057468 0.427376 0.262797 -0.833587 -0.485871 0.000000 1.000000
MaleBody_full.bmp
22 -0.077707 -0.057468 0.427376 0.262797 -0.833587 -0.485871 0.000000 1.000000
19 -0.081154 -0.066812 0.457039 0.939636 -0.324426 0.108778 0.000000 1.000000
19 -0.099036 -0.074952 0.453563 -0.363668 -0.871496 -0.328999 0.000000 1.000000
MaleBody_full.bmp
19 -0.081154 -0.066812 0.457039 0.939636 -0.324426 0.108778 0.000000 1.000000
22 -0.077707 -0.057468 0.427376 0.262797 -0.833587 -0.485871 0.000000 1.000000
22 -0.075274 -0.058324 0.448928 0.991333 0.025784 0.128815 0.000000 1.000000
MaleBody_full.bmp
19 -0.116664 -0.034033 0.508266 -0.838656 0.366257 0.403127 0.000000 1.000000
20 -0.087537 -0.013080 0.479083 -0.000447 0.943378 0.331718 0.000000 1.000000
20 -0.108528 -0.004212 0.466767 -0.207241 0.969959 0.127396 0.000000 1.000000
MaleBody_full.bmp
20 -0.087537 -0.013080 0.479083 -0.000447 0.943378 0.331718 0.000000 1.000000
19 -0.116664 -0.034033 0.508266 -0.838656 0.366257 0.403127 0.000000 1.000000
19 -0.083411 -0.017187 0.497395 -0.317229 0.839511 0.441121 0.000000 1.000000
MaleBody_full.bmp
20 -0.087537 -0.013080 0.479083 0.741007 -0.634676 0.219307 0.000000 1.000000
19 -0.108024 -0.024677 0.474007 0.972825 -0.079573 -0.217437 0.000000 1.000000
20 -0.092918 -0.026201 0.468327 0.209545 -0.975121 0.072313 0.000000 1.000000
MaleBody_full.bmp
19 -0.108024 -0.024677 0.474007 0.972825 -0.079573 -0.217437 0.000000 1.000000
20 -0.087537 -0.013080 0.479083 0.741007 -0.634676 0.219307 0.000000 1.000000
19 -0.083411 -0.017187 0.497395 0.897572 0.006195 -0.440824 0.000000 1.000000
MaleBody_full.bmp
19 -0.108024 -0.024677 0.474007 0.972825 -0.079573 -0.217437 0.000000 1.000000
20 -0.116942 -0.024529 0.463246 0.159618 -0.951913 -0.261502 0.000000 1.000000
20 -0.092918 -0.026201 0.468327 0.209545 -0.975121 0.072313 0.000000 1.000000
MaleBody_full.bmp
20 -0.116942 -0.024529 0.463246 0.159618 -0.951913 -0.261502 0.000000 1.000000
19 -0.108024 -0.024677 0.474007 0.972825 -0.079573 -0.217437 0.000000 1.000000
19 -0.124920 -0.034666 0.470654 0.018661 0.289654 -0.956950 0.000000 1.000000
MaleBody_full.bmp
20 -0.116942 -0.024529 0.463246 -0.786030 0.522973 -0.329630 0.000000 1.000000
19 -0.116664 -0.034033 0.508266 -0.838656 0.366257 0.403127 0.000000 1.000000
20 -0.108528 -0.004212 0.466767 -0.207241 0.969959 0.127396 0.000000 1.000000
MaleBody_full.bmp
19 -0.116664 -0.034033 0.508266 -0.838656 0.366257 0.403127 0.000000 1.000000
20 -0.116942 -0.024529 0.463246 -0.786030 0.522973 -0.329630 0.000000 1.000000
19 -0.124920 -0.034666 0.470654 -0.990346 -0.057115 -0.126303 0.000000 1.000000
MaleBody_full.bmp
20 -0.108528 -0.004212 0.466767 -0.207241 0.969959 0.127396 0.000000 1.000000
20 -0.084960 -0.012752 0.459298 0.400939 0.878103 0.261120 0.000000 1.000000
20 -0.092910 -0.005690 0.454499 -0.362735 0.800346 -0.477358 0.000000 1.000000
MaleBody_full.bmp
20 -0.084960 -0.012752 0.459298 0.400939 0.878103 0.261120 0.000000 1.000000
20 -0.108528 -0.004212 0.466767 -0.207241 0.969959 0.127396 0.000000 1.000000
20 -0.087537 -0.013080 0.479083 -0.000447 0.943378 0.331718 0.000000 1.000000
MaleBody_full.bmp
20 -0.087537 -0.013080 0.479083 0.741007 -0.634676 0.219307 0.000000 1.000000
20 -0.085643 -0.021073 0.451808 0.860599 -0.425261 -0.280220 0.000000 1.000000
20 -0.084960 -0.012752 0.459298 0.815538 0.254148 -0.519910 0.000000 1.000000
MaleBody_full.bmp
20 -0.085643 -0.021073 0.451808 0.860599 -0.425261 -0.280220 0.000000 1.000000
20 -0.087537 -0.013080 0.479083 0.741007 -0.634676 0.219307 0.000000 1.000000
20 -0.092918 -0.026201 0.468327 0.209545 -0.975121 0.072313 0.000000 1.000000
MaleBody_full.bmp
20 -0.092918 -0.026201 0.468327 0.209545 -0.975121 0.072313 0.000000 1.000000
20 -0.095641 -0.018718 0.447863 0.384302 -0.414623 -0.824863 0.000000 1.000000
20 -0.085643 -0.021073 0.451808 0.860599 -0.425261 -0.280220 0.000000 1.000000
MaleBody_full.bmp
20 -0.095641 -0.018718 0.447863 0.384302 -0.414623 -0.824863 0.000000 1.000000
20 -0.092918 -0.026201 0.468327 0.209545 -0.975121 0.072313 0.000000 1.000000
20 -0.116942 -0.024529 0.463246 0.159618 -0.951913 -0.261502 0.000000 1.000000
MaleBody_full.bmp
20 -0.116942 -0.024529 0.463246 -0.786030 0.522973 -0.329630 0.000000 1.000000
20 -0.092910 -0.005690 0.454499 -0.362735 0.800346 -0.477358 0.000000 1.000000
20 -0.095641 -0.018718 0.447863 -0.598954 0.459583 -0.655772 0.000000 1.000000
MaleBody_full.bmp
20 -0.092910 -0.005690 0.454499 -0.362735 0.800346 -0.477358 0.000000 1.000000
20 -0.116942 -0.024529 0.463246 -0.786030 0.522973 -0.329630 0.000000 1.000000
20 -0.108528 -0.004212 0.466767 -0.207241 0.969959 0.127396 0.000000 1.000000
MaleBody_full.bmp
33 -0.057347 -0.189825 0.029411 -0.771788 0.543605 -0.329905 0.000000 1.000000
33 -0.013472 -0.194426 -0.008515 -0.111972 0.763974 -0.635457 0.000000 1.000000
33 -0.060058 -0.204971 0.011687 -0.752483 0.553103 -0.357556 0.000000 1.000000
MaleBody_full.bmp
33 -0.013472 -0.194426 -0.008515 -0.111972 0.763974 -0.635457 0.000000 1.000000
33 -0.057347 -0.189825 0.029411 -0.771788 0.543605 -0.329905 0.000000 1.000000
33 -0.014738 -0.181301 0.006500 0.294134 0.915043 -0.276011 0.000000 1.000000
MaleBody_full.bmp
33 -0.049520 -0.235847 0.142906 0.711793 -0.175266 0.680171 0.000000 1.000000
33 -0.034914 -0.249194 0.096471 0.899307 -0.169167 0.403273 0.000000 1.000000
33 -0.032751 -0.226185 0.106322 0.913695 -0.114406 0.389965 0.000000 1.000000
MaleBody_full.bmp
33 -0.034914 -0.249194 0.096471 0.899307 -0.169167 0.403273 0.000000 1.000000
33 -0.049520 -0.235847 0.142906 0.711793 -0.175266 0.680171 0.000000 1.000000
33 -0.056715 -0.269483 0.135154 0.100710 -0.251971 0.962480 0.000000 1.000000
MaleBody_full.bmp
32 -0.036874 -0.189413 0.138845 0.441785 -0.280156 0.852255 0.000000 1.000000
33 -0.088308 -0.226287 0.131108 -0.725052 0.038435 0.687621 0.000000 1.000000
33 -0.049520 -0.235847 0.142906 0.711793 -0.175266 0.680171 0.000000 1.000000
MaleBody_full.bmp
33 -0.088308 -0.226287 0.131108 -0.725052 0.038435 0.687621 0.000000 1.000000
32 -0.036874 -0.189413 0.138845 0.441785 -0.280156 0.852255 0.000000 1.000000
32 -0.058799 -0.190745 0.143224 -0.737952 0.048373 0.673117 0.000000 1.000000
MaleBody_full.bmp
33 -0.078095 -0.243359 0.085228 -0.967473 0.138634 -0.211605 0.000000 1.000000
33 -0.088308 -0.226287 0.131108 -0.725052 0.038435 0.687621 0.000000 1.000000
33 -0.078318 -0.211116 0.098975 -0.966806 0.252875 -0.036597 0.000000 1.000000
MaleBody_full.bmp
33 -0.088308 -0.226287 0.131108 -0.725052 0.038435 0.687621 0.000000 1.000000
33 -0.078095 -0.243359 0.085228 -0.967473 0.138634 -0.211605 0.000000 1.000000
33 -0.089323 -0.263808 0.124219 -0.883944 -0.061179 0.463572 0.000000 1.000000
MaleBody_full.bmp
32 -0.057909 -0.165762 0.100699 -0.260175 0.958860 -0.113560 0.000000 1.000000
33 -0.057347 -0.189825 0.029411 -0.771788 0.543605 -0.329905 0.000000 1.000000
32 -0.070779 -0.188016 0.118506 -0.962119 0.267981 0.050143 0.000000 1.000000
MaleBody_full.bmp
33 -0.057347 -0.189825 0.029411 -0.771788 0.543605 -0.329905 0.000000 1.000000
32 -0.057909 -0.165762 0.100699 -0.260175 0.958860 -0.113560 0.000000 1.000000
33 -0.014738 -0.181301 0.006500 0.294134 0.915043 -0.276011 0.000000 1.000000
MaleBody_full.bmp
33 -0.034914 -0.249194 0.096471 0.899307 -0.169167 0.403273 0.000000 1.000000
33 0.007434 -0.192925 0.022234 0.886036 0.365975 0.284611 0.000000 1.000000
33 -0.032751 -0.226185 0.106322 0.913695 -0.114406 0.389965 0.000000 1.000000
MaleBody_full.bmp
33 0.007434 -0.192925 0.022234 0.886036 0.365975 0.284611 0.000000 1.000000
33 -0.034914 -0.249194 0.096471 0.899307 -0.169167 0.403273 0.000000 1.000000
33 0.015688 -0.204542 0.010913 0.805552 0.581068 -0.115957 0.000000 1.000000
MaleBody_full.bmp
33 -0.034914 -0.249194 0.096471 0.000684 -0.886332 -0.463049 0.000000 1.000000
33 -0.060058 -0.204971 0.011687 0.000415 -0.886646 -0.462448 0.000000 1.000000
33 0.015688 -0.204542 0.010913 0.000297 -0.886691 -0.462363 0.000000 1.000000
MaleBody_full.bmp
33 -0.060058 -0.204971 0.011687 0.000415 -0.886646 -0.462448 0.000000 1.000000
33 -0.034914 -0.249194 0.096471 0.000684 -0.886332 -0.463049 0.000000 1.000000
33 -0.078095 -0.243359 0.085228 0.001081 -0.886056 -0.463577 0.000000 1.000000
MaleBody_full.bmp
33 -0.078095 -0.243359 0.085228 -0.967473 0.138634 -0.211605 0.000000 1.000000
33 -0.057347 -0.189825 0.029411 -0.771788 0.543605 -0.329905 0.000000 1.000000
33 -0.060058 -0.204971 0.011687 -0.752483 0.553103 -0.357556 0.000000 1.000000
MaleBody_full.bmp
33 -0.057347 -0.189825 0.029411 -0.771788 0.543605 -0.329905 0.000000 1.000000
33 -0.078095 -0.243359 0.085228 -0.967473 0.138634 -0.211605 0.000000 1.000000
33 -0.078318 -0.211116 0.098975 -0.966806 0.252875 -0.036597 0.000000 1.000000
MaleBody_full.bmp
2 -0.026906 0.036633 0.502515 -0.628269 0.737914 -0.246495 0.000000 1.000000
31 0.009485 0.022418 0.451627 -0.397977 0.691173 -0.603236 0.000000 1.000000
31 -0.042675 0.024340 0.459891 -0.587824 0.805753 -0.072278 0.000000 1.000000
MaleBody_full.bmp
2 -0.046265 0.014881 0.512939 -0.964933 0.258444 0.045954 0.000000 1.000000
2 -0.026906 0.036633 0.502515 -0.628269 0.737914 -0.246495 0.000000 1.000000
31 -0.042675 0.024340 0.459891 -0.587824 0.805753 -0.072278 0.000000 1.000000
MaleBody_full.bmp
31 -0.042675 0.024340 0.459891 -0.587824 0.805753 -0.072278 0.000000 1.000000
31 -0.011407 -0.003722 0.357292 0.018810 0.949104 -0.314400 0.000000 1.000000
31 -0.064574 0.001029 0.365539 -0.296800 0.933041 -0.203335 0.000000 1.000000
MaleBody_full.bmp
31 -0.064574 0.001029 0.365539 -0.296800 0.933041 -0.203335 0.000000 1.000000
31 -0.038877 -0.043436 0.271494 0.339362 0.863823 -0.372348 0.000000 1.000000
31 -0.081226 -0.018887 0.268942 -0.494205 0.750873 -0.438123 0.000000 1.000000
MaleBody_full.bmp
31 -0.038877 -0.043436 0.271494 0.339362 0.863823 -0.372348 0.000000 1.000000
31 -0.064574 0.001029 0.365539 -0.296800 0.933041 -0.203335 0.000000 1.000000
31 -0.011407 -0.003722 0.357292 0.018810 0.949104 -0.314400 0.000000 1.000000
MaleBody_full.bmp
31 -0.081226 -0.018887 0.268942 -0.494205 0.750873 -0.438123 0.000000 1.000000
32 -0.023338 -0.082745 0.213847 0.179357 0.755357 -0.630291 0.000000 1.000000
32 -0.071432 -0.071151 0.226376 -0.757710 0.441795 -0.480305 0.000000 1.000000
MaleBody_full.bmp
32 -0.023338 -0.082745 0.213847 0.179357 0.755357 -0.630291 0.000000 1.000000
31 -0.081226 -0.018887 0.268942 -0.494205 0.750873 -0.438123 0.000000 1.000000
31 -0.038877 -0.043436 0.271494 0.339362 0.863823 -0.372348 0.000000 1.000000
MaleBody_full.bmp
32 -0.023338 -0.082745 0.213847 0.179357 0.755357 -0.630291 0.000000 1.000000
32 -0.067330 -0.114307 0.166279 -0.496080 0.649790 -0.575915 0.000000 1.000000
32 -0.071432 -0.071151 0.226376 -0.757710 0.441795 -0.480305 0.000000 1.000000
MaleBody_full.bmp
32 -0.067330 -0.114307 0.166279 -0.496080 0.649790 -0.575915 0.000000 1.000000
32 -0.023338 -0.082745 0.213847 0.179357 0.755357 -0.630291 0.000000 1.000000
32 -0.029589 -0.122613 0.170181 0.460512 0.626287 -0.629042 0.000000 1.000000
MaleBody_full.bmp
32 -0.029589 -0.122613 0.170181 0.460512 0.626287 -0.629042 0.000000 1.000000
32 -0.057909 -0.165762 0.100699 0.078795 0.675373 -0.733255 0.000000 1.000000
32 -0.067330 -0.114307 0.166279 -0.496080 0.649790 -0.575915 0.000000 1.000000
MaleBody_full.bmp
32 -0.057909 -0.165762 0.100699 0.078795 0.675373 -0.733255 0.000000 1.000000
32 -0.029589 -0.122613 0.170181 0.460512 0.626287 -0.629042 0.000000 1.000000
33 -0.038878 -0.191624 0.118746 0.826741 0.260407 -0.498686 0.000000 1.000000
MaleBody_full.bmp
33 -0.038878 -0.191624 0.118746 0.908356 0.315439 0.274567 0.000000 1.000000
33 -0.014738 -0.181301 0.006500 0.294134 0.915043 -0.276011 0.000000 1.000000
32 -0.057909 -0.165762 0.100699 -0.260175 0.958860 -0.113560 0.000000 1.000000
MaleBody_full.bmp
33 -0.014738 -0.181301 0.006500 0.294134 0.915043 -0.276011 0.000000 1.000000
33 -0.038878 -0.191624 0.118746 0.908356 0.315439 0.274567 0.000000 1.000000
33 0.007434 -0.192925 0.022234 0.886036 0.365975 0.284611 0.000000 1.000000
MaleBody_full.bmp
33 -0.014738 -0.181301 0.006500 0.294134 0.915043 -0.276011 0.000000 1.000000
33 0.015688 -0.204542 0.010913 0.805552 0.581068 -0.115957 0.000000 1.000000
33 -0.013472 -0.194426 -0.008515 -0.111972 0.763974 -0.635457 0.000000 1.000000
MaleBody_full.bmp
33 0.015688 -0.204542 0.010913 0.805552 0.581068 -0.115957 0.000000 1.000000
33 -0.014738 -0.181301 0.006500 0.294134 0.915043 -0.276011 0.000000 1.000000
33 0.007434 -0.192925 0.022234 0.886036 0.365975 0.284611 0.000000 1.000000
MaleBody_full.bmp
33 0.007434 -0.192925 0.022234 0.886036 0.365975 0.284611 0.000000 1.000000
33 -0.038878 -0.191624 0.118746 0.908356 0.315439 0.274567 0.000000 1.000000
33 -0.032751 -0.226185 0.106322 0.913695 -0.114406 0.389965 0.000000 1.000000
MaleBody_full.bmp
33 -0.038878 -0.191624 0.118746 0.908356 0.315439 0.274567 0.000000 1.000000
33 -0.049520 -0.235847 0.142906 0.711793 -0.175266 0.680171 0.000000 1.000000
33 -0.032751 -0.226185 0.106322 0.913695 -0.114406 0.389965 0.000000 1.000000
MaleBody_full.bmp
33 -0.049520 -0.235847 0.142906 0.711793 -0.175266 0.680171 0.000000 1.000000
33 -0.038878 -0.191624 0.118746 0.908356 0.315439 0.274567 0.000000 1.000000
32 -0.036874 -0.189413 0.138845 0.441785 -0.280156 0.852255 0.000000 1.000000
MaleBody_full.bmp
33 -0.088308 -0.226287 0.131108 -0.725052 0.038435 0.687621 0.000000 1.000000
33 -0.056715 -0.269483 0.135154 0.100710 -0.251971 0.962480 0.000000 1.000000
33 -0.049520 -0.235847 0.142906 0.711793 -0.175266 0.680171 0.000000 1.000000
MaleBody_full.bmp
33 -0.056715 -0.269483 0.135154 0.100710 -0.251971 0.962480 0.000000 1.000000
33 -0.088308 -0.226287 0.131108 -0.725052 0.038435 0.687621 0.000000 1.000000
33 -0.089323 -0.263808 0.124219 -0.883944 -0.061179 0.463572 0.000000 1.000000
MaleBody_full.bmp
32 -0.058799 -0.190745 0.143224 -0.737952 0.048373 0.673117 0.000000 1.000000
33 -0.078318 -0.211116 0.098975 -0.966806 0.252875 -0.036597 0.000000 1.000000
33 -0.088308 -0.226287 0.131108 -0.725052 0.038435 0.687621 0.000000 1.000000
MaleBody_full.bmp
33 -0.078318 -0.211116 0.098975 -0.966806 0.252875 -0.036597 0.000000 1.000000
32 -0.058799 -0.190745 0.143224 -0.737952 0.048373 0.673117 0.000000 1.000000
32 -0.070779 -0.188016 0.118506 -0.962119 0.267981 0.050143 0.000000 1.000000
MaleBody_full.bmp
33 -0.078318 -0.211116 0.098975 -0.966806 0.252875 -0.036597 0.000000 1.000000
32 -0.070779 -0.188016 0.118506 -0.962119 0.267981 0.050143 0.000000 1.000000
33 -0.057347 -0.189825 0.029411 -0.771788 0.543605 -0.329905 0.000000 1.000000
MaleBody_full.bmp
2 -0.043288 0.007528 0.564615 -0.978822 -0.093734 0.181992 0.000000 1.000000
2 -0.046265 0.014881 0.512939 -0.964933 0.258444 0.045954 0.000000 1.000000
2 -0.044171 -0.016952 0.538487 -0.959389 -0.215505 0.182015 0.000000 1.000000
MaleBody_full.bmp
2 -0.044171 -0.016952 0.538487 -0.959389 -0.215505 0.182015 0.000000 1.000000
2 -0.046265 0.014881 0.512939 -0.964933 0.258444 0.045954 0.000000 1.000000
2 -0.046225 -0.026367 0.510133 -0.934829 -0.298302 0.192641 0.000000 1.000000
MaleBody_full.bmp
31 0.009485 0.022418 0.451627 -0.397977 0.691173 -0.603236 0.000000 1.000000
2 0.009983 0.053384 0.459790 0.254097 0.652283 -0.714116 0.000000 1.000000
2 0.036345 0.009536 0.450508 0.481457 0.448822 -0.752834 0.000000 1.000000
MaleBody_full.bmp
6 0.014194 0.113313 0.819339 -0.989359 -0.133654 -0.057494 0.000000 1.000000
6 0.026539 0.112484 0.795442 -0.795165 -0.426376 -0.431180 0.000000 1.000000
5 0.026374 0.090460 0.812224 -0.973151 -0.104071 -0.205295 0.000000 1.000000
MaleBody_full.bmp
6 0.026539 0.112484 0.795442 -0.795165 -0.426376 -0.431180 0.000000 1.000000
6 0.014194 0.113313 0.819339 -0.989359 -0.133654 -0.057494 0.000000 1.000000
6 0.020996 0.120870 0.800441 -0.947376 0.038461 -0.317805 0.000000 1.000000
MaleBody_full.bmp
6 0.028401 0.108542 0.846789 -0.856451 -0.275627 0.436487 0.000000 1.000000
5 0.037665 0.066791 0.839440 -0.463907 -0.585968 0.664403 0.000000 1.000000
6 0.039199 0.099334 0.866311 -0.642763 -0.529909 0.553220 0.000000 1.000000
MaleBody_full.bmp
5 0.037665 0.066791 0.839440 -0.463907 -0.585968 0.664403 0.000000 1.000000
6 0.028401 0.108542 0.846789 -0.856451 -0.275627 0.436487 0.000000 1.000000
5 0.023887 0.080071 0.827237 -0.748622 -0.394248 0.533042 0.000000 1.000000
MaleBody_full.bmp
6 0.093529 0.207610 0.888186 0.066579 0.901458 0.427716 0.000000 1.000000
6 0.113409 0.204617 0.886136 0.213196 0.835222 0.506904 0.000000 1.000000
6 0.108986 0.213955 0.858129 0.351904 0.924817 0.144489 0.000000 1.000000
MaleBody_full.bmp
6 0.054847 0.197058 0.815793 -0.652874 0.543157 -0.527954 0.000000 1.000000
6 0.069319 0.210047 0.838256 -0.252612 0.930009 -0.266966 0.000000 1.000000
6 0.070097 0.195404 0.805922 -0.439440 0.592328 -0.675307 0.000000 1.000000
MaleBody_full.bmp
6 0.014194 0.113313 0.819339 -0.989359 -0.133654 -0.057494 0.000000 1.000000
6 0.023707 0.138851 0.811658 -0.934464 0.317393 -0.161367 0.000000 1.000000
6 0.020996 0.120870 0.800441 -0.947376 0.038461 -0.317805 0.000000 1.000000
MaleBody_full.bmp
6 0.023707 0.138851 0.811658 -0.934464 0.317393 -0.161367 0.000000 1.000000
6 0.014194 0.113313 0.819339 -0.989359 -0.133654 -0.057494 0.000000 1.000000
6 0.020222 0.131534 0.840283 -0.947916 -0.209131 0.240247 0.000000 1.000000
MaleBody_full.bmp
6 0.019967 0.114790 0.832506 -0.918158 -0.232160 0.321074 0.000000 1.000000
6 0.020222 0.131534 0.840283 -0.947916 -0.209131 0.240247 0.000000 1.000000
6 0.014194 0.113313 0.819339 -0.989359 -0.133654 -0.057494 0.000000 1.000000
MaleBody_full.bmp
6 0.020222 0.131534 0.840283 -0.947916 -0.209131 0.240247 0.000000 1.000000
6 0.019967 0.114790 0.832506 -0.918158 -0.232160 0.321074 0.000000 1.000000
6 0.032785 0.144642 0.874840 -0.709051 -0.186661 0.680003 0.000000 1.000000
MaleBody_full.bmp
6 0.036700 0.166350 0.864095 -0.808605 0.523982 0.267584 0.000000 1.000000
6 0.059488 0.208266 0.858133 -0.640732 0.766531 0.043514 0.000000 1.000000
6 0.039277 0.179376 0.840300 -0.863744 0.500079 -0.062195 0.000000 1.000000
MaleBody_full.bmp
6 0.059488 0.208266 0.858133 -0.640732 0.766531 0.043514 0.000000 1.000000
6 0.036700 0.166350 0.864095 -0.808605 0.523982 0.267584 0.000000 1.000000
6 0.052048 0.195304 0.881728 -0.808881 0.493284 0.319971 0.000000 1.000000
MaleBody_full.bmp
6 0.036700 0.166350 0.864095 -0.808605 0.523982 0.267584 0.000000 1.000000
6 0.032785 0.144642 0.874840 -0.709051 -0.186661 0.680003 0.000000 1.000000
6 0.052048 0.195304 0.881728 -0.808881 0.493284 0.319971 0.000000 1.000000
MaleBody_full.bmp
6 0.039199 0.099334 0.866311 -0.642763 -0.529909 0.553220 0.000000 1.000000
6 0.036423 0.135889 0.888715 -0.860542 -0.179617 0.476661 0.000000 1.000000
6 0.028401 0.108542 0.846789 -0.856451 -0.275627 0.436487 0.000000 1.000000
MaleBody_full.bmp
6 0.036423 0.135889 0.888715 -0.860542 -0.179617 0.476661 0.000000 1.000000
6 0.039199 0.099334 0.866311 -0.642763 -0.529909 0.553220 0.000000 1.000000
6 0.049287 0.124881 0.906365 -0.586644 -0.364163 0.723350 0.000000 1.000000
MaleBody_full.bmp
6 0.085374 0.106093 0.905671 -0.243877 -0.476254 0.844812 0.000000 1.000000
6 0.073716 0.162978 0.923803 -0.223853 0.070912 0.972040 0.000000 1.000000
6 0.049287 0.124881 0.906365 -0.586644 -0.364163 0.723350 0.000000 1.000000
MaleBody_full.bmp
6 0.073716 0.162978 0.923803 -0.223853 0.070912 0.972040 0.000000 1.000000
6 0.085374 0.106093 0.905671 -0.243877 -0.476254 0.844812 0.000000 1.000000
6 0.104467 0.147429 0.924553 0.016779 0.049937 0.998611 0.000000 1.000000
MaleBody_full.bmp
6 0.019967 0.114790 0.832506 -0.918158 -0.232160 0.321074 0.000000 1.000000
6 0.014194 0.113313 0.819339 -0.989359 -0.133654 -0.057494 0.000000 1.000000
5 0.026374 0.090460 0.812224 -0.973151 -0.104071 -0.205295 0.000000 1.000000
MaleBody_full.bmp
6 0.059488 0.208266 0.858133 -0.640732 0.766531 0.043514 0.000000 1.000000
6 0.069319 0.210047 0.838256 -0.252612 0.930009 -0.266966 0.000000 1.000000
6 0.054847 0.197058 0.815793 -0.652874 0.543157 -0.527954 0.000000 1.000000
MaleBody_full.bmp
6 0.029819 0.163192 0.827489 -0.887992 0.450035 -0.094546 0.000000 1.000000
6 0.041412 0.170412 0.803182 -0.582610 0.644697 -0.494904 0.000000 1.000000
6 0.028695 0.138344 0.793049 -0.832867 0.438445 -0.337784 0.000000 1.000000
MaleBody_full.bmp
6 0.020996 0.120870 0.800441 -0.947376 0.038461 -0.317805 0.000000 1.000000
6 0.032463 0.124524 0.765704 -0.844240 0.067380 -0.531713 0.000000 1.000000
6 0.026539 0.112484 0.795442 -0.795165 -0.426376 -0.431180 0.000000 1.000000
MaleBody_full.bmp
6 0.032463 0.124524 0.765704 -0.844240 0.067380 -0.531713 0.000000 1.000000
6 0.047981 0.107049 0.766350 -0.420892 -0.714920 -0.558336 0.000000 1.000000
6 0.026539 0.112484 0.795442 -0.795165 -0.426376 -0.431180 0.000000 1.000000
MaleBody_full.bmp
6 0.047981 0.107049 0.766350 -0.420892 -0.714920 -0.558336 0.000000 1.000000
6 0.032463 0.124524 0.765704 -0.844240 0.067380 -0.531713 0.000000 1.000000
6 0.049128 0.122204 0.751655 -0.230044 0.095045 -0.968528 0.000000 1.000000
MaleBody_full.bmp
6 0.080986 0.216268 0.855504 -0.124690 0.989429 0.074050 0.000000 1.000000
6 0.069319 0.210047 0.838256 -0.252612 0.930009 -0.266966 0.000000 1.000000
6 0.059488 0.208266 0.858133 -0.640732 0.766531 0.043514 0.000000 1.000000
MaleBody_full.bmp
6 0.071376 0.206354 0.887155 -0.348589 0.847326 0.400654 0.000000 1.000000
6 0.059064 0.178174 0.911663 -0.660896 0.567161 0.491473 0.000000 1.000000
6 0.078522 0.191703 0.912151 -0.152045 0.804219 0.574556 0.000000 1.000000
MaleBody_full.bmp
6 0.059064 0.178174 0.911663 -0.660896 0.567161 0.491473 0.000000 1.000000
6 0.071376 0.206354 0.887155 -0.348589 0.847326 0.400654 0.000000 1.000000
6 0.052048 0.195304 0.881728 -0.808881 0.493284 0.319971 0.000000 1.000000
MaleBody_full.bmp
6 0.104467 0.147429 0.924553 0.016779 0.049937 0.998611 0.000000 1.000000
6 0.113086 0.180667 0.914862 0.144446 0.242270 0.959396 0.000000 1.000000
6 0.096420 0.185990 0.916027 0.054722 0.289285 0.955678 0.000000 1.000000
MaleBody_full.bmp
6 0.059488 0.208266 0.858133 -0.640732 0.766531 0.043514 0.000000 1.000000
6 0.052048 0.195304 0.881728 -0.808881 0.493284 0.319971 0.000000 1.000000
6 0.071376 0.206354 0.887155 -0.348589 0.847326 0.400654 0.000000 1.000000
MaleBody_full.bmp
5 0.063947 0.063272 0.839831 -0.212442 -0.735728 0.643097 0.000000 1.000000
6 0.039199 0.099334 0.866311 -0.642763 -0.529909 0.553220 0.000000 1.000000
5 0.037665 0.066791 0.839440 -0.463907 -0.585968 0.664403 0.000000 1.000000
MaleBody_full.bmp
6 0.039199 0.099334 0.866311 -0.642763 -0.529909 0.553220 0.000000 1.000000
5 0.063947 0.063272 0.839831 -0.212442 -0.735728 0.643097 0.000000 1.000000
6 0.070296 0.087199 0.873580 -0.394971 -0.714319 0.577708 0.000000 1.000000
MaleBody_full.bmp
6 0.070296 0.087199 0.873580 -0.394971 -0.714319 0.577708 0.000000 1.000000
6 0.049287 0.124881 0.906365 -0.586644 -0.364163 0.723350 0.000000 1.000000
6 0.039199 0.099334 0.866311 -0.642763 -0.529909 0.553220 0.000000 1.000000
MaleBody_full.bmp
6 0.049287 0.124881 0.906365 -0.586644 -0.364163 0.723350 0.000000 1.000000
6 0.070296 0.087199 0.873580 -0.394971 -0.714319 0.577708 0.000000 1.000000
6 0.085374 0.106093 0.905671 -0.243877 -0.476254 0.844812 0.000000 1.000000
MaleBody_full.bmp
6 0.073716 0.162978 0.923803 -0.223853 0.070912 0.972040 0.000000 1.000000
6 0.059064 0.178174 0.911663 -0.588751 0.179558 0.788118 0.000000 1.000000
6 0.049287 0.124881 0.906365 -0.586644 -0.364163 0.723350 0.000000 1.000000
MaleBody_full.bmp
6 0.078522 0.191703 0.912151 -0.189631 0.396149 0.898391 0.000000 1.000000
6 0.059064 0.178174 0.911663 -0.588751 0.179558 0.788118 0.000000 1.000000
6 0.073716 0.162978 0.923803 -0.223853 0.070912 0.972040 0.000000 1.000000
MaleBody_full.bmp
6 0.015563 0.135753 0.842992 -0.609366 0.651428 -0.452011 0.000000 1.000000
6 0.028699 0.162946 0.879779 -0.614815 0.693200 -0.376132 0.000000 1.000000
6 0.027915 0.151213 0.862908 -0.742254 0.648602 -0.168445 0.000000 1.000000
MaleBody_full.bmp
6 0.028699 0.162946 0.879779 -0.614815 0.693200 -0.376132 0.000000 1.000000
6 0.015563 0.135753 0.842992 -0.609366 0.651428 -0.452011 0.000000 1.000000
6 0.016376 0.146054 0.875734 -0.775836 0.607111 -0.171739 0.000000 1.000000
MaleBody_full.bmp
6 0.020222 0.131534 0.840283 -0.947916 -0.209131 0.240247 0.000000 1.000000
6 0.016376 0.146054 0.875734 -0.226137 -0.755389 0.615020 0.000000 1.000000
6 0.015563 0.135753 0.842992 -0.560041 -0.786194 0.261253 0.000000 1.000000
MaleBody_full.bmp
6 0.016376 0.146054 0.875734 -0.226137 -0.755389 0.615020 0.000000 1.000000
6 0.020222 0.131534 0.840283 -0.947916 -0.209131 0.240247 0.000000 1.000000
6 0.032785 0.144642 0.874840 -0.709051 -0.186661 0.680003 0.000000 1.000000
MaleBody_full.bmp
6 0.032785 0.144642 0.874840 -0.709051 -0.186661 0.680003 0.000000 1.000000
6 0.028699 0.162946 0.879779 0.534449 -0.106923 0.838410 0.000000 1.000000
6 0.016376 0.146054 0.875734 -0.226137 -0.755389 0.615020 0.000000 1.000000
MaleBody_full.bmp
6 0.028699 0.162946 0.879779 0.534449 -0.106923 0.838410 0.000000 1.000000
6 0.032785 0.144642 0.874840 -0.709051 -0.186661 0.680003 0.000000 1.000000
6 0.036700 0.166350 0.864095 -0.808605 0.523982 0.267584 0.000000 1.000000
MaleBody_full.bmp
6 0.036700 0.166350 0.864095 -0.858484 0.505166 -0.088391 0.000000 1.000000
6 0.027915 0.151213 0.862908 -0.742254 0.648602 -0.168445 0.000000 1.000000
6 0.028699 0.162946 0.879779 -0.614815 0.693200 -0.376132 0.000000 1.000000
MaleBody_full.bmp
6 0.027915 0.151213 0.862908 -0.742254 0.648602 -0.168445 0.000000 1.000000
6 0.036700 0.166350 0.864095 -0.858484 0.505166 -0.088391 0.000000 1.000000
6 0.026716 0.154173 0.844463 -0.819753 0.508645 -0.263221 0.000000 1.000000
MaleBody_full.bmp
6 0.026716 0.154173 0.844463 -0.819753 0.508645 -0.263221 0.000000 1.000000
6 0.015563 0.135753 0.842992 -0.609366 0.651428 -0.452011 0.000000 1.000000
6 0.027915 0.151213 0.862908 -0.742254 0.648602 -0.168445 0.000000 1.000000
MaleBody_full.bmp
6 0.015563 0.135753 0.842992 -0.609366 0.651428 -0.452011 0.000000 1.000000
6 0.026716 0.154173 0.844463 -0.819753 0.508645 -0.263221 0.000000 1.000000
6 0.020222 0.131534 0.840283 -0.301962 0.256161 -0.918259 0.000000 1.000000
MaleBody_full.bmp
6 0.050516 0.185681 0.816575 -0.688834 0.524537 -0.500368 0.000000 1.000000
6 0.029819 0.163192 0.827489 -0.887992 0.450035 -0.094546 0.000000 1.000000
6 0.039277 0.179376 0.840300 -0.863744 0.500079 -0.062195 0.000000 1.000000
MaleBody_full.bmp
6 0.029819 0.163192 0.827489 -0.887992 0.450035 -0.094546 0.000000 1.000000
6 0.050516 0.185681 0.816575 -0.688834 0.524537 -0.500368 0.000000 1.000000
6 0.041412 0.170412 0.803182 -0.582610 0.644697 -0.494904 0.000000 1.000000
MaleBody_full.bmp
6 0.029819 0.163192 0.827489 -0.887992 0.450035 -0.094546 0.000000 1.000000
6 0.036700 0.166350 0.864095 -0.808605 0.523982 0.267584 0.000000 1.000000
6 0.039277 0.179376 0.840300 -0.863744 0.500079 -0.062195 0.000000 1.000000
MaleBody_full.bmp
6 0.036700 0.166350 0.864095 -0.808605 0.523982 0.267584 0.000000 1.000000
6 0.029819 0.163192 0.827489 -0.887992 0.450035 -0.094546 0.000000 1.000000
6 0.026716 0.154173 0.844463 -0.915403 0.399994 0.045191 0.000000 1.000000
MaleBody_full.bmp
5 0.026374 0.090460 0.812224 -0.973151 -0.104071 -0.205295 0.000000 1.000000
4 0.021584 0.051821 0.803387 -0.898326 0.427264 0.102257 0.000000 1.000000
5 0.023887 0.080071 0.827237 -0.997659 -0.037305 0.057320 0.000000 1.000000
MaleBody_full.bmp
4 0.021584 0.051821 0.803387 -0.898326 0.427264 0.102257 0.000000 1.000000
5 0.026374 0.090460 0.812224 -0.973151 -0.104071 -0.205295 0.000000 1.000000
4 0.024294 0.061666 0.785647 -0.685492 0.707706 0.171033 0.000000 1.000000
MaleBody_full.bmp
4 0.021584 0.051821 0.803387 -0.410458 0.029276 0.911410 0.000000 1.000000
16 -0.006976 0.041425 0.799086 -0.239702 0.273081 0.931649 0.000000 1.000000
16 0.001449 0.018828 0.807877 -0.196269 0.185835 0.962779 0.000000 1.000000
MaleBody_full.bmp
5 0.023887 0.080071 0.827237 -0.997659 -0.037305 0.057320 0.000000 1.000000
6 0.019967 0.114790 0.832506 -0.918158 -0.232160 0.321074 0.000000 1.000000
5 0.026374 0.090460 0.812224 -0.973151 -0.104071 -0.205295 0.000000 1.000000
MaleBody_full.bmp
6 0.019967 0.114790 0.832506 -0.918158 -0.232160 0.321074 0.000000 1.000000
5 0.023887 0.080071 0.827237 -0.997659 -0.037305 0.057320 0.000000 1.000000
6 0.028401 0.108542 0.846789 -0.918513 -0.148637 0.366388 0.000000 1.000000
MaleBody_full.bmp
6 0.019967 0.114790 0.832506 -0.918158 -0.232160 0.321074 0.000000 1.000000
6 0.028401 0.108542 0.846789 -0.918513 -0.148637 0.366388 0.000000 1.000000
6 0.032785 0.144642 0.874840 -0.709051 -0.186661 0.680003 0.000000 1.000000
MaleBody_full.bmp
4 0.039792 0.085348 0.764191 -0.374024 0.927302 -0.014714 0.000000 1.000000
4 0.008100 0.065535 0.756165 -0.421180 0.876570 0.232878 0.000000 1.000000
4 0.024294 0.061666 0.785647 -0.685492 0.707706 0.171033 0.000000 1.000000
MaleBody_full.bmp
4 0.008100 0.065535 0.756165 -0.421180 0.876570 0.232878 0.000000 1.000000
4 0.039792 0.085348 0.764191 -0.374024 0.927302 -0.014714 0.000000 1.000000
4 0.033418 0.084052 0.741271 -0.339287 0.932345 0.124969 0.000000 1.000000
MaleBody_full.bmp
2 -0.026906 0.036633 0.502515 -0.628269 0.737914 -0.246495 0.000000 1.000000
2 -0.000169 0.073610 0.555790 -0.518451 0.853973 -0.044024 0.000000 1.000000
2 0.002145 0.067533 0.493324 -0.438695 0.791929 -0.424729 0.000000 1.000000
MaleBody_full.bmp
2 -0.000169 0.073610 0.555790 -0.518451 0.853973 -0.044024 0.000000 1.000000
2 -0.026906 0.036633 0.502515 -0.628269 0.737914 -0.246495 0.000000 1.000000
2 -0.035412 0.048046 0.558902 -0.793741 0.608200 0.008235 0.000000 1.000000
MaleBody_full.bmp
2 0.061181 -0.027961 0.547335 0.503512 -0.737781 0.449617 0.000000 1.000000
2 0.035790 -0.068606 0.507639 0.348787 -0.915208 0.201849 0.000000 1.000000
2 0.071654 -0.046805 0.504209 0.522139 -0.824838 0.216827 0.000000 1.000000
MaleBody_full.bmp
2 0.035790 -0.068606 0.507639 0.348787 -0.915208 0.201849 0.000000 1.000000
2 0.061181 -0.027961 0.547335 0.503512 -0.737781 0.449617 0.000000 1.000000
2 0.025291 -0.049658 0.552396 0.285510 -0.832801 0.474265 0.000000 1.000000
MaleBody_full.bmp
2 0.035790 -0.068606 0.507639 0.348787 -0.915208 0.201849 0.000000 1.000000
2 0.070656 -0.046396 0.469923 0.533288 -0.816238 -0.222171 0.000000 1.000000
2 0.071654 -0.046805 0.504209 0.522139 -0.824838 0.216827 0.000000 1.000000
MaleBody_full.bmp
2 0.070656 -0.046396 0.469923 0.533288 -0.816238 -0.222171 0.000000 1.000000
2 0.035790 -0.068606 0.507639 0.348787 -0.915208 0.201849 0.000000 1.000000
2 0.030608 -0.071500 0.465055 0.296813 -0.925100 -0.236836 0.000000 1.000000
MaleBody_full.bmp
2 0.070656 -0.046396 0.469923 0.533288 -0.816238 -0.222171 0.000000 1.000000
2 0.054535 -0.044027 0.445719 0.520655 -0.556684 -0.647318 0.000000 1.000000
26 0.061783 -0.041213 0.449691 0.547166 -0.313884 -0.775942 0.000000 1.000000
MaleBody_full.bmp
2 0.054535 -0.044027 0.445719 0.520655 -0.556684 -0.647318 0.000000 1.000000
2 0.070656 -0.046396 0.469923 0.533288 -0.816238 -0.222171 0.000000 1.000000
2 0.030608 -0.071500 0.465055 0.296813 -0.925100 -0.236836 0.000000 1.000000
MaleBody_full.bmp
5 0.043324 0.099496 0.782366 -0.685499 -0.076026 -0.724093 0.000000 1.000000
4 0.024294 0.061666 0.785647 -0.685492 0.707706 0.171033 0.000000 1.000000
5 0.026374 0.090460 0.812224 -0.973151 -0.104071 -0.205295 0.000000 1.000000
MaleBody_full.bmp
4 0.024294 0.061666 0.785647 -0.685492 0.707706 0.171033 0.000000 1.000000
5 0.043324 0.099496 0.782366 -0.685499 -0.076026 -0.724093 0.000000 1.000000
4 0.039792 0.085348 0.764191 -0.374024 0.927302 -0.014714 0.000000 1.000000
MaleBody_full.bmp
26 0.061783 -0.041213 0.449691 0.547166 -0.313884 -0.775942 0.000000 1.000000
2 0.054535 -0.044027 0.445719 0.520655 -0.556684 -0.647318 0.000000 1.000000
2 0.036345 0.009536 0.450508 0.207307 0.156738 -0.965638 0.000000 1.000000
MaleBody_full.bmp
2 0.054535 -0.044027 0.445719 0.520655 -0.556684 -0.647318 0.000000 1.000000
31 0.009485 0.022418 0.451627 0.616587 0.342787 -0.708743 0.000000 1.000000
2 0.036345 0.009536 0.450508 0.207307 0.156738 -0.965638 0.000000 1.000000
MaleBody_full.bmp
6 0.096420 0.185990 0.916027 0.193693 0.772603 0.604621 0.000000 1.000000
6 0.113409 0.204617 0.886136 0.213196 0.835222 0.506904 0.000000 1.000000
6 0.093529 0.207610 0.888186 0.066579 0.901458 0.427716 0.000000 1.000000
MaleBody_full.bmp
6 0.113409 0.204617 0.886136 0.213196 0.835222 0.506904 0.000000 1.000000
6 0.096420 0.185990 0.916027 0.193693 0.772603 0.604621 0.000000 1.000000
6 0.113086 0.180667 0.914862 0.278261 0.736192 0.616921 0.000000 1.000000
MaleBody_full.bmp
6 0.044523 0.149854 0.781088 -0.623142 0.569198 -0.536384 0.000000 1.000000
6 0.060596 0.167679 0.787851 -0.541120 0.690372 -0.480183 0.000000 1.000000
6 0.056593 0.161284 0.781826 -0.477757 0.729565 -0.489370 0.000000 1.000000
MaleBody_full.bmp
6 0.060596 0.167679 0.787851 -0.541120 0.690372 -0.480183 0.000000 1.000000
6 0.044523 0.149854 0.781088 -0.623142 0.569198 -0.536384 0.000000 1.000000
6 0.041412 0.170412 0.803182 -0.582610 0.644697 -0.494904 0.000000 1.000000
MaleBody_full.bmp
6 0.026539 0.112484 0.795442 -0.795165 -0.426376 -0.431180 0.000000 1.000000
5 0.043324 0.099496 0.782366 -0.685499 -0.076026 -0.724093 0.000000 1.000000
5 0.026374 0.090460 0.812224 -0.973151 -0.104071 -0.205295 0.000000 1.000000
MaleBody_full.bmp
5 0.043324 0.099496 0.782366 -0.685499 -0.076026 -0.724093 0.000000 1.000000
6 0.026539 0.112484 0.795442 -0.795165 -0.426376 -0.431180 0.000000 1.000000
6 0.047981 0.107049 0.766350 -0.420892 -0.714920 -0.558336 0.000000 1.000000
MaleBody_full.bmp
6 0.105458 0.215532 0.843127 0.255480 0.939149 -0.229628 0.000000 1.000000
6 0.080986 0.216268 0.855504 -0.124690 0.989429 0.074050 0.000000 1.000000
6 0.108986 0.213955 0.858129 0.351904 0.924817 0.144489 0.000000 1.000000
MaleBody_full.bmp
6 0.105458 0.215532 0.843127 0.255480 0.939149 -0.229628 0.000000 1.000000
6 0.069319 0.210047 0.838256 -0.252612 0.930009 -0.266966 0.000000 1.000000
6 0.080986 0.216268 0.855504 -0.124690 0.989429 0.074050 0.000000 1.000000
MaleBody_full.bmp
6 0.069319 0.210047 0.838256 -0.252612 0.930009 -0.266966 0.000000 1.000000
6 0.105458 0.215532 0.843127 0.255480 0.939149 -0.229628 0.000000 1.000000
6 0.097041 0.209180 0.819972 0.157616 0.857710 -0.489379 0.000000 1.000000
MaleBody_full.bmp
6 0.041412 0.170412 0.803182 -0.582610 0.644697 -0.494904 0.000000 1.000000
6 0.068288 0.182550 0.806911 -0.510703 0.453174 -0.730627 0.000000 1.000000
6 0.060596 0.167679 0.787851 -0.541120 0.690372 -0.480183 0.000000 1.000000
MaleBody_full.bmp
6 0.068288 0.182550 0.806911 -0.510703 0.453174 -0.730627 0.000000 1.000000
6 0.041412 0.170412 0.803182 -0.582610 0.644697 -0.494904 0.000000 1.000000
6 0.050516 0.185681 0.816575 -0.688834 0.524537 -0.500368 0.000000 1.000000
MaleBody_full.bmp
17 -0.036485 0.026975 0.694199 0.835488 0.438226 -0.331538 0.000000 1.000000
17 -0.028622 0.046602 0.751906 0.074648 0.131959 0.988441 0.000000 1.000000
17 0.001987 -0.005954 0.755481 0.729692 0.383457 0.566136 0.000000 1.000000
MaleBody_full.bmp
17 -0.028622 0.046602 0.751906 -0.520394 0.762262 -0.384899 0.000000 1.000000
17 -0.036485 0.026975 0.694199 -0.520324 0.813691 -0.259173 0.000000 1.000000
17 -0.087223 -0.000132 0.710958 -0.906085 0.416584 -0.073947 0.000000 1.000000
MaleBody_full.bmp
3 -0.035411 0.035093 0.617365 -0.844905 0.534795 -0.011416 0.000000 1.000000
2 -0.043288 0.007528 0.564615 -0.978822 -0.093734 0.181992 0.000000 1.000000
3 -0.040493 -0.000736 0.621729 -0.984921 -0.141185 -0.099992 0.000000 1.000000
MaleBody_full.bmp
2 -0.043288 0.007528 0.564615 -0.978822 -0.093734 0.181992 0.000000 1.000000
3 -0.035411 0.035093 0.617365 -0.844905 0.534795 -0.011416 0.000000 1.000000
2 -0.035412 0.048046 0.558902 -0.793741 0.608200 0.008235 0.000000 1.000000
MaleBody_full.bmp
3 -0.040493 -0.000736 0.621729 -0.984921 -0.141185 -0.099992 0.000000 1.000000
2 -0.018847 -0.043017 0.565117 -0.572042 -0.802372 0.170200 0.000000 1.000000
3 -0.022631 -0.047334 0.617533 -0.611507 -0.773544 -0.166399 0.000000 1.000000
MaleBody_full.bmp
2 -0.018847 -0.043017 0.565117 -0.572042 -0.802372 0.170200 0.000000 1.000000
3 -0.040493 -0.000736 0.621729 -0.984921 -0.141185 -0.099992 0.000000 1.000000
2 -0.043288 0.007528 0.564615 -0.978822 -0.093734 0.181992 0.000000 1.000000
MaleBody_full.bmp
2 -0.018847 -0.043017 0.565117 -0.572042 -0.802372 0.170200 0.000000 1.000000
3 0.017491 -0.053804 0.613108 0.111326 -0.977775 -0.177660 0.000000 1.000000
3 -0.022631 -0.047334 0.617533 -0.611507 -0.773544 -0.166399 0.000000 1.000000
MaleBody_full.bmp
3 0.017491 -0.053804 0.613108 0.111326 -0.977775 -0.177660 0.000000 1.000000
2 -0.018847 -0.043017 0.565117 -0.572042 -0.802372 0.170200 0.000000 1.000000
2 0.021371 -0.044536 0.562462 0.259372 -0.943642 0.205587 0.000000 1.000000
MaleBody_full.bmp
2 0.021371 -0.044536 0.562462 0.259372 -0.943642 0.205587 0.000000 1.000000
3 0.059557 -0.033006 0.608362 0.445166 -0.874969 -0.190413 0.000000 1.000000
3 0.017491 -0.053804 0.613108 0.111326 -0.977775 -0.177660 0.000000 1.000000
MaleBody_full.bmp
3 0.059557 -0.033006 0.608362 0.445166 -0.874969 -0.190413 0.000000 1.000000
2 0.021371 -0.044536 0.562462 0.259372 -0.943642 0.205587 0.000000 1.000000
2 0.058010 -0.022284 0.559535 0.520818 -0.804423 0.285750 0.000000 1.000000
MaleBody_full.bmp
4 0.021584 0.051821 0.803387 -0.898326 0.427264 0.102257 0.000000 1.000000
4 0.024294 0.061666 0.785647 -0.685492 0.707706 0.171033 0.000000 1.000000
16 -0.006976 0.041425 0.799086 -0.313567 0.811653 0.492843 0.000000 1.000000
MaleBody_full.bmp
4 0.024294 0.061666 0.785647 -0.685492 0.707706 0.171033 0.000000 1.000000
16 -0.020850 0.053656 0.776195 -0.301414 0.913493 0.273278 0.000000 1.000000
16 -0.006976 0.041425 0.799086 -0.313567 0.811653 0.492843 0.000000 1.000000
MaleBody_full.bmp
16 -0.020850 0.053656 0.776195 -0.098521 0.945037 0.311767 0.000000 1.000000
16 -0.039904 0.032821 0.812485 -0.241742 0.474367 0.846485 0.000000 1.000000
16 -0.006976 0.041425 0.799086 0.111718 0.688474 0.716605 0.000000 1.000000
MaleBody_full.bmp
16 -0.039904 0.032821 0.812485 -0.241742 0.474367 0.846485 0.000000 1.000000
16 -0.020850 0.053656 0.776195 -0.098521 0.945037 0.311767 0.000000 1.000000
16 -0.048395 0.046778 0.790183 -0.604721 0.761574 0.233063 0.000000 1.000000
MaleBody_full.bmp
16 -0.048395 0.046778 0.790183 -0.604721 0.761574 0.233063 0.000000 1.000000
17 -0.068077 -0.004138 0.764264 -0.809089 -0.287419 0.512606 0.000000 1.000000
16 -0.039904 0.032821 0.812485 -0.241742 0.474367 0.846485 0.000000 1.000000
MaleBody_full.bmp
17 -0.068077 -0.004138 0.764264 -0.809089 -0.287419 0.512606 0.000000 1.000000
16 -0.048395 0.046778 0.790183 -0.604721 0.761574 0.233063 0.000000 1.000000
17 -0.076840 0.022896 0.754854 -0.797727 0.601390 0.044300 0.000000 1.000000
MaleBody_full.bmp
17 -0.068077 -0.004138 0.764264 -0.809089 -0.287419 0.512606 0.000000 1.000000
17 -0.076840 0.022896 0.754854 -0.797727 0.601390 0.044300 0.000000 1.000000
17 -0.087223 -0.000132 0.710958 -0.906085 0.416584 -0.073947 0.000000 1.000000
MaleBody_full.bmp
17 -0.053009 -0.054600 0.726425 -0.349672 -0.873853 0.337804 0.000000 1.000000
17 -0.042217 -0.031398 0.769067 -0.256096 -0.829837 0.495767 0.000000 1.000000
17 -0.068077 -0.004138 0.764264 -0.809089 -0.287419 0.512606 0.000000 1.000000
MaleBody_full.bmp
31 -0.042675 0.024340 0.459891 -0.587824 0.805753 -0.072278 0.000000 1.000000
31 0.009485 0.022418 0.451627 -0.397977 0.691173 -0.603236 0.000000 1.000000
31 -0.011407 -0.003722 0.357292 0.018810 0.949104 -0.314400 0.000000 1.000000
MaleBody_full.bmp
6 0.054847 0.197058 0.815793 -0.652874 0.543157 -0.527954 0.000000 1.000000
6 0.050516 0.185681 0.816575 -0.688834 0.524537 -0.500368 0.000000 1.000000
6 0.039277 0.179376 0.840300 -0.863744 0.500079 -0.062195 0.000000 1.000000
MaleBody_full.bmp
6 0.068288 0.182550 0.806911 -0.510703 0.453174 -0.730627 0.000000 1.000000
6 0.054847 0.197058 0.815793 -0.652874 0.543157 -0.527954 0.000000 1.000000
6 0.070097 0.195404 0.805922 -0.439440 0.592328 -0.675307 0.000000 1.000000
MaleBody_full.bmp
6 0.054847 0.197058 0.815793 -0.652874 0.543157 -0.527954 0.000000 1.000000
6 0.068288 0.182550 0.806911 -0.510703 0.453174 -0.730627 0.000000 1.000000
6 0.050516 0.185681 0.816575 -0.688834 0.524537 -0.500368 0.000000 1.000000
MaleBody_full.bmp
6 0.054847 0.197058 0.815793 -0.652874 0.543157 -0.527954 0.000000 1.000000
6 0.039277 0.179376 0.840300 -0.863744 0.500079 -0.062195 0.000000 1.000000
6 0.059488 0.208266 0.858133 -0.640732 0.766531 0.043514 0.000000 1.000000
MaleBody_full.bmp
33 -0.060058 -0.204971 0.011687 0.000415 -0.886646 -0.462448 0.000000 1.000000
33 -0.013472 -0.194426 -0.008515 0.000299 -0.886781 -0.462190 0.000000 1.000000
33 0.015688 -0.204542 0.010913 0.000297 -0.886691 -0.462363 0.000000 1.000000
MaleBody_full.bmp
6 0.032463 0.124524 0.765704 -0.844240 0.067380 -0.531713 0.000000 1.000000
6 0.042451 0.145005 0.777098 -0.564812 0.718865 -0.405242 0.000000 1.000000
6 0.048814 0.145818 0.768721 -0.245818 0.859271 -0.448582 0.000000 1.000000
MaleBody_full.bmp
6 0.028695 0.138344 0.793049 -0.832867 0.438445 -0.337784 0.000000 1.000000
6 0.023707 0.138851 0.811658 -0.934464 0.317393 -0.161367 0.000000 1.000000
6 0.029819 0.163192 0.827489 -0.887992 0.450035 -0.094546 0.000000 1.000000
MaleBody_full.bmp
6 0.032463 0.124524 0.765704 -0.844240 0.067380 -0.531713 0.000000 1.000000
6 0.020996 0.120870 0.800441 -0.947376 0.038461 -0.317805 0.000000 1.000000
6 0.028695 0.138344 0.793049 -0.832867 0.438445 -0.337784 0.000000 1.000000
MaleBody_full.bmp
6 0.042451 0.145005 0.777098 -0.564812 0.718865 -0.405242 0.000000 1.000000
6 0.050819 0.146670 0.774323 -0.352099 0.661306 -0.662345 0.000000 1.000000
6 0.048814 0.145818 0.768721 -0.245818 0.859271 -0.448582 0.000000 1.000000
MaleBody_full.bmp
6 0.050819 0.146670 0.774323 -0.352099 0.661306 -0.662345 0.000000 1.000000
6 0.042451 0.145005 0.777098 -0.564812 0.718865 -0.405242 0.000000 1.000000
6 0.044523 0.149854 0.781088 -0.623142 0.569198 -0.536384 0.000000 1.000000
MaleBody_full.bmp
6 0.060596 0.167679 0.787851 -0.541120 0.690372 -0.480183 0.000000 1.000000
6 0.071602 0.171977 0.772483 -0.101569 0.421099 -0.901310 0.000000 1.000000
6 0.068025 0.159951 0.774297 -0.045921 0.537964 -0.841716 0.000000 1.000000
MaleBody_full.bmp
6 0.050819 0.146670 0.774323 -0.352099 0.661306 -0.662345 0.000000 1.000000
6 0.044523 0.149854 0.781088 -0.623142 0.569198 -0.536384 0.000000 1.000000
6 0.052708 0.152458 0.773053 -0.512110 0.337072 -0.790016 0.000000 1.000000
MaleBody_full.bmp
6 0.061660 0.143595 0.771219 -0.043977 0.541822 -0.839342 0.000000 1.000000
6 0.048814 0.145818 0.768721 -0.245818 0.859271 -0.448582 0.000000 1.000000
6 0.050819 0.146670 0.774323 -0.352099 0.661306 -0.662345 0.000000 1.000000
MaleBody_full.bmp
6 0.048814 0.145818 0.768721 -0.245818 0.859271 -0.448582 0.000000 1.000000
6 0.061660 0.143595 0.771219 -0.043977 0.541822 -0.839342 0.000000 1.000000
6 0.059094 0.142820 0.762710 0.119038 0.810688 -0.573249 0.000000 1.000000
MaleBody_full.bmp
6 0.028695 0.138344 0.793049 -0.832867 0.438445 -0.337784 0.000000 1.000000
6 0.042451 0.145005 0.777098 -0.564812 0.718865 -0.405242 0.000000 1.000000
6 0.032463 0.124524 0.765704 -0.844240 0.067380 -0.531713 0.000000 1.000000
MaleBody_full.bmp
6 0.042451 0.145005 0.777098 -0.564812 0.718865 -0.405242 0.000000 1.000000
6 0.028695 0.138344 0.793049 -0.832867 0.438445 -0.337784 0.000000 1.000000
6 0.044523 0.149854 0.781088 -0.623142 0.569198 -0.536384 0.000000 1.000000
MaleBody_full.bmp
6 0.028695 0.138344 0.793049 -0.832867 0.438445 -0.337784 0.000000 1.000000
6 0.020996 0.120870 0.800441 -0.947376 0.038461 -0.317805 0.000000 1.000000
6 0.023707 0.138851 0.811658 -0.934464 0.317393 -0.161367 0.000000 1.000000
MaleBody_full.bmp
6 0.020222 0.131534 0.840283 -0.947916 -0.209131 0.240247 0.000000 1.000000
6 0.029819 0.163192 0.827489 -0.887992 0.450035 -0.094546 0.000000 1.000000
6 0.023707 0.138851 0.811658 -0.934464 0.317393 -0.161367 0.000000 1.000000
MaleBody_full.bmp
6 0.029819 0.163192 0.827489 -0.887992 0.450035 -0.094546 0.000000 1.000000
6 0.020222 0.131534 0.840283 -0.947916 -0.209131 0.240247 0.000000 1.000000
6 0.026716 0.154173 0.844463 -0.915403 0.399994 0.045191 0.000000 1.000000
MaleBody_full.bmp
6 0.041412 0.170412 0.803182 -0.582610 0.644697 -0.494904 0.000000 1.000000
6 0.044523 0.149854 0.781088 -0.623142 0.569198 -0.536384 0.000000 1.000000
6 0.028695 0.138344 0.793049 -0.832867 0.438445 -0.337784 0.000000 1.000000
MaleBody_full.bmp
6 0.097041 0.209180 0.819972 0.157616 0.857710 -0.489379 0.000000 1.000000
6 0.070097 0.195404 0.805922 -0.439440 0.592328 -0.675307 0.000000 1.000000
6 0.069319 0.210047 0.838256 -0.252612 0.930009 -0.266966 0.000000 1.000000
MaleBody_full.bmp
6 0.070097 0.195404 0.805922 -0.439440 0.592328 -0.675307 0.000000 1.000000
6 0.097041 0.209180 0.819972 0.157616 0.857710 -0.489379 0.000000 1.000000
6 0.085347 0.193751 0.796051 -0.008262 0.609869 -0.792460 0.000000 1.000000
MaleBody_full.bmp
6 0.070097 0.195404 0.805922 -0.439440 0.592328 -0.675307 0.000000 1.000000
6 0.081538 0.184756 0.793221 -0.085307 0.456601 -0.885572 0.000000 1.000000
6 0.068288 0.182550 0.806911 -0.510703 0.453174 -0.730627 0.000000 1.000000
MaleBody_full.bmp
6 0.081538 0.184756 0.793221 -0.085307 0.456601 -0.885572 0.000000 1.000000
6 0.070097 0.195404 0.805922 -0.439440 0.592328 -0.675307 0.000000 1.000000
6 0.085347 0.193751 0.796051 -0.008262 0.609869 -0.792460 0.000000 1.000000
MaleBody_full.bmp
6 0.081538 0.184756 0.793221 -0.085307 0.456601 -0.885572 0.000000 1.000000
6 0.060596 0.167679 0.787851 -0.541120 0.690372 -0.480183 0.000000 1.000000
6 0.068288 0.182550 0.806911 -0.510703 0.453174 -0.730627 0.000000 1.000000
MaleBody_full.bmp
6 0.060596 0.167679 0.787851 -0.541120 0.690372 -0.480183 0.000000 1.000000
6 0.081538 0.184756 0.793221 -0.085307 0.456601 -0.885572 0.000000 1.000000
6 0.071602 0.171977 0.772483 -0.101569 0.421099 -0.901310 0.000000 1.000000
MaleBody_full.bmp
6 0.056593 0.161284 0.781826 -0.477757 0.729565 -0.489370 0.000000 1.000000
6 0.052708 0.152458 0.773053 -0.512110 0.337072 -0.790016 0.000000 1.000000
6 0.044523 0.149854 0.781088 -0.623142 0.569198 -0.536384 0.000000 1.000000
MaleBody_full.bmp
3 -0.022631 -0.047334 0.617533 -0.611507 -0.773544 -0.166399 0.000000 1.000000
3 -0.015073 -0.061095 0.668874 -0.222296 -0.972503 -0.069448 0.000000 1.000000
3 -0.032400 -0.051152 0.674986 -0.825434 -0.563468 -0.034099 0.000000 1.000000
MaleBody_full.bmp
4 -0.014411 -0.033904 0.777645 -0.234460 -0.853572 0.465234 0.000000 1.000000
4 -0.017382 -0.030188 0.781446 -0.486237 -0.783831 0.386242 0.000000 1.000000
4 -0.023801 -0.024257 0.771657 -0.882293 -0.398466 0.250568 0.000000 1.000000
MaleBody_full.bmp
3 -0.032400 -0.051152 0.674986 -0.825434 -0.563468 -0.034099 0.000000 1.000000
4 -0.016762 -0.058390 0.725974 -0.371220 -0.889675 0.265845 0.000000 1.000000
4 -0.030581 -0.047373 0.725170 -0.859853 -0.468241 0.203479 0.000000 1.000000
MaleBody_full.bmp
4 -0.016762 -0.058390 0.725974 -0.371220 -0.889675 0.265845 0.000000 1.000000
3 -0.032400 -0.051152 0.674986 -0.825434 -0.563468 -0.034099 0.000000 1.000000
3 -0.015073 -0.061095 0.668874 -0.222296 -0.972503 -0.069448 0.000000 1.000000
MaleBody_full.bmp
3 -0.015073 -0.061095 0.668874 -0.222296 -0.972503 -0.069448 0.000000 1.000000
3 -0.022631 -0.047334 0.617533 -0.611507 -0.773544 -0.166399 0.000000 1.000000
3 0.017491 -0.053804 0.613108 0.111326 -0.977775 -0.177660 0.000000 1.000000
MaleBody_full.bmp
6 0.048814 0.145818 0.768721 -0.245818 0.859271 -0.448582 0.000000 1.000000
6 0.059094 0.142820 0.762710 0.119038 0.810688 -0.573249 0.000000 1.000000
6 0.049128 0.122204 0.751655 -0.230044 0.095045 -0.968528 0.000000 1.000000
MaleBody_full.bmp
4 0.070472 0.041496 0.808184 0.249032 -0.562081 0.788700 0.000000 1.000000
4 0.042231 0.034326 0.812897 -0.189400 -0.277094 0.941991 0.000000 1.000000
4 0.035957 -0.005069 0.804972 0.355118 -0.598423 0.718179 0.000000 1.000000
MaleBody_full.bmp
6 0.052708 0.152458 0.773053 -0.512110 0.337072 -0.790016 0.000000 1.000000
6 0.061660 0.143595 0.771219 -0.043977 0.541822 -0.839342 0.000000 1.000000
6 0.050819 0.146670 0.774323 -0.352099 0.661306 -0.662345 0.000000 1.000000
MaleBody_full.bmp
6 0.061660 0.143595 0.771219 -0.043977 0.541822 -0.839342 0.000000 1.000000
6 0.052708 0.152458 0.773053 -0.512110 0.337072 -0.790016 0.000000 1.000000
6 0.063295 0.151437 0.767463 -0.209718 0.152963 -0.965723 0.000000 1.000000
MaleBody_full.bmp
6 0.068025 0.159951 0.774297 -0.045921 0.537964 -0.841716 0.000000 1.000000
6 0.052708 0.152458 0.773053 -0.512110 0.337072 -0.790016 0.000000 1.000000
6 0.056593 0.161284 0.781826 -0.477757 0.729565 -0.489370 0.000000 1.000000
MaleBody_full.bmp
6 0.052708 0.152458 0.773053 -0.512110 0.337072 -0.790016 0.000000 1.000000
6 0.068025 0.159951 0.774297 -0.045921 0.537964 -0.841716 0.000000 1.000000
6 0.063295 0.151437 0.767463 -0.209718 0.152963 -0.965723 0.000000 1.000000
MaleBody_full.bmp
4 0.022911 -0.059610 0.716919 0.196593 -0.956577 0.215201 0.000000 1.000000
4 0.077222 -0.023920 0.741925 0.450054 -0.772517 0.447961 0.000000 1.000000
4 0.024948 -0.040100 0.761518 0.211281 -0.859230 0.465924 0.000000 1.000000
MaleBody_full.bmp
4 0.077222 -0.023920 0.741925 0.450054 -0.772517 0.447961 0.000000 1.000000
4 0.022911 -0.059610 0.716919 0.196593 -0.956577 0.215201 0.000000 1.000000
4 0.075012 -0.041282 0.703584 0.374995 -0.918373 0.126369 0.000000 1.000000
MaleBody_full.bmp
4 0.024948 -0.040100 0.761518 0.211281 -0.859230 0.465924 0.000000 1.000000
4 -0.016762 -0.058390 0.725974 -0.371220 -0.889675 0.265845 0.000000 1.000000
4 0.022911 -0.059610 0.716919 0.196593 -0.956577 0.215201 0.000000 1.000000
MaleBody_full.bmp
4 -0.016762 -0.058390 0.725974 -0.371220 -0.889675 0.265845 0.000000 1.000000
4 0.024948 -0.040100 0.761518 0.211281 -0.859230 0.465924 0.000000 1.000000
4 -0.014411 -0.033904 0.777645 -0.234460 -0.853572 0.465234 0.000000 1.000000
MaleBody_full.bmp
4 -0.016762 -0.058390 0.725974 -0.371220 -0.889675 0.265845 0.000000 1.000000
4 -0.023801 -0.024257 0.771657 -0.882293 -0.398466 0.250568 0.000000 1.000000
4 -0.030581 -0.047373 0.725170 -0.859853 -0.468241 0.203479 0.000000 1.000000
MaleBody_full.bmp
4 -0.023801 -0.024257 0.771657 -0.882293 -0.398466 0.250568 0.000000 1.000000
4 -0.016762 -0.058390 0.725974 -0.371220 -0.889675 0.265845 0.000000 1.000000
4 -0.014411 -0.033904 0.777645 -0.234460 -0.853572 0.465234 0.000000 1.000000
MaleBody_full.bmp
4 -0.023801 -0.024257 0.771657 -0.882293 -0.398466 0.250568 0.000000 1.000000
4 -0.033264 -0.032070 0.719324 -0.968926 -0.128343 0.211447 0.000000 1.000000
4 -0.030581 -0.047373 0.725170 -0.859853 -0.468241 0.203479 0.000000 1.000000
MaleBody_full.bmp
4 -0.033264 -0.032070 0.719324 -0.968926 -0.128343 0.211447 0.000000 1.000000
4 -0.023801 -0.024257 0.771657 -0.882293 -0.398466 0.250568 0.000000 1.000000
4 -0.021372 0.001993 0.750930 -0.915484 -0.168090 0.365560 0.000000 1.000000
MaleBody_full.bmp
4 -0.021372 0.001993 0.750930 -0.915484 -0.168090 0.365560 0.000000 1.000000
4 -0.042820 -0.000088 0.710361 -0.846899 -0.388627 0.362947 0.000000 1.000000
4 -0.033264 -0.032070 0.719324 -0.968926 -0.128343 0.211447 0.000000 1.000000
MaleBody_full.bmp
4 -0.042820 -0.000088 0.710361 -0.846899 -0.388627 0.362947 0.000000 1.000000
4 -0.021372 0.001993 0.750930 -0.915484 -0.168090 0.365560 0.000000 1.000000
4 -0.033229 0.013688 0.745476 -0.784328 -0.455568 0.421055 0.000000 1.000000
MaleBody_full.bmp
4 -0.050130 0.012440 0.711965 -0.983728 -0.051337 0.172171 0.000000 1.000000
4 -0.033229 0.013688 0.745476 -0.784328 -0.455568 0.421055 0.000000 1.000000
4 -0.043801 0.041318 0.744872 -0.876034 0.468202 0.115543 0.000000 1.000000
MaleBody_full.bmp
4 -0.033229 0.013688 0.745476 -0.784328 -0.455568 0.421055 0.000000 1.000000
4 -0.050130 0.012440 0.711965 -0.983728 -0.051337 0.172171 0.000000 1.000000
4 -0.042820 -0.000088 0.710361 -0.846899 -0.388627 0.362947 0.000000 1.000000
MaleBody_full.bmp
4 -0.031753 0.053419 0.697985 -0.711570 0.698284 -0.077890 0.000000 1.000000
3 0.005255 0.072207 0.666805 -0.464920 0.869709 -0.165697 0.000000 1.000000
3 -0.038205 0.043339 0.669089 -0.871344 0.478930 -0.106704 0.000000 1.000000
MaleBody_full.bmp
3 0.005255 0.072207 0.666805 -0.464920 0.869709 -0.165697 0.000000 1.000000
4 -0.031753 0.053419 0.697985 -0.711570 0.698284 -0.077890 0.000000 1.000000
4 0.012568 0.081106 0.684559 -0.417653 0.901324 -0.114811 0.000000 1.000000
MaleBody_full.bmp
3 -0.038205 0.043339 0.669089 -0.871344 0.478930 -0.106704 0.000000 1.000000
4 -0.050130 0.012440 0.711965 -0.983728 -0.051337 0.172171 0.000000 1.000000
4 -0.031753 0.053419 0.697985 -0.711570 0.698284 -0.077890 0.000000 1.000000
MaleBody_full.bmp
4 -0.050130 0.012440 0.711965 -0.983728 -0.051337 0.172171 0.000000 1.000000
3 -0.038205 0.043339 0.669089 -0.871344 0.478930 -0.106704 0.000000 1.000000
3 -0.051280 -0.002175 0.676498 -0.985799 -0.164992 0.031266 0.000000 1.000000
MaleBody_full.bmp
4 -0.010963 0.068901 0.725441 -0.499243 0.858595 0.116497 0.000000 1.000000
16 -0.035077 0.047052 0.759144 -0.465220 0.876959 0.120472 0.000000 1.000000
4 0.008100 0.065535 0.756165 -0.421180 0.876570 0.232878 0.000000 1.000000
MaleBody_full.bmp
16 -0.035077 0.047052 0.759144 -0.465220 0.876959 0.120472 0.000000 1.000000
4 -0.010963 0.068901 0.725441 -0.499243 0.858595 0.116497 0.000000 1.000000
4 -0.043801 0.041318 0.744872 -0.876034 0.468202 0.115543 0.000000 1.000000
MaleBody_full.bmp
4 -0.043801 0.041318 0.744872 -0.831396 -0.363764 -0.420068 0.000000 1.000000
16 -0.054639 0.038848 0.768459 -0.501311 0.834098 -0.230149 0.000000 1.000000
16 -0.035077 0.047052 0.759144 -0.393676 0.909078 -0.136371 0.000000 1.000000
MaleBody_full.bmp
16 -0.054639 0.038848 0.768459 -0.501311 0.834098 -0.230149 0.000000 1.000000
4 -0.043801 0.041318 0.744872 -0.831396 -0.363764 -0.420068 0.000000 1.000000
17 -0.028622 0.046602 0.751906 -0.520394 0.762262 -0.384899 0.000000 1.000000
MaleBody_full.bmp
16 -0.054639 0.038848 0.768459 -0.501311 0.834098 -0.230149 0.000000 1.000000
17 -0.028622 0.046602 0.751906 -0.520394 0.762262 -0.384899 0.000000 1.000000
17 -0.076840 0.022896 0.754854 -0.797727 0.601390 0.044300 0.000000 1.000000
MaleBody_full.bmp
17 -0.001078 -0.015739 0.760306 0.718654 -0.501379 0.481826 0.000000 1.000000
4 -0.023801 -0.024257 0.771657 0.073919 0.623547 0.778283 0.000000 1.000000
4 -0.017382 -0.030188 0.781446 -0.102379 -0.641873 0.759946 0.000000 1.000000
MaleBody_full.bmp
4 -0.023801 -0.024257 0.771657 0.073919 0.623547 0.778283 0.000000 1.000000
17 -0.001078 -0.015739 0.760306 0.718654 -0.501379 0.481826 0.000000 1.000000
17 0.001987 -0.005954 0.755481 0.729692 0.383457 0.566136 0.000000 1.000000
MaleBody_full.bmp
4 0.008100 0.065535 0.756165 -0.421180 0.876570 0.232878 0.000000 1.000000
4 0.024758 0.086642 0.715711 -0.328121 0.930817 0.160986 0.000000 1.000000
4 -0.010963 0.068901 0.725441 -0.499243 0.858595 0.116497 0.000000 1.000000
MaleBody_full.bmp
4 0.024758 0.086642 0.715711 -0.328121 0.930817 0.160986 0.000000 1.000000
4 0.008100 0.065535 0.756165 -0.421180 0.876570 0.232878 0.000000 1.000000
4 0.033418 0.084052 0.741271 -0.339287 0.932345 0.124969 0.000000 1.000000
MaleBody_full.bmp
6 0.036423 0.135889 0.888715 -0.926548 0.169347 0.335901 0.000000 1.000000
6 0.059064 0.178174 0.911663 -0.660896 0.567161 0.491473 0.000000 1.000000
6 0.052048 0.195304 0.881728 -0.808881 0.493284 0.319971 0.000000 1.000000
MaleBody_full.bmp
6 0.028401 0.108542 0.846789 -0.918513 -0.148637 0.366388 0.000000 1.000000
6 0.036423 0.135889 0.888715 -0.926548 0.169347 0.335901 0.000000 1.000000
6 0.032785 0.144642 0.874840 -0.709051 -0.186661 0.680003 0.000000 1.000000
MaleBody_full.bmp
6 0.052048 0.195304 0.881728 -0.808881 0.493284 0.319971 0.000000 1.000000
6 0.032785 0.144642 0.874840 -0.709051 -0.186661 0.680003 0.000000 1.000000
6 0.036423 0.135889 0.888715 -0.926548 0.169347 0.335901 0.000000 1.000000
MaleBody_full.bmp
6 0.059064 0.178174 0.911663 -0.588751 0.179558 0.788118 0.000000 1.000000
6 0.036423 0.135889 0.888715 -0.860542 -0.179617 0.476661 0.000000 1.000000
6 0.049287 0.124881 0.906365 -0.586644 -0.364163 0.723350 0.000000 1.000000
MaleBody_full.bmp
6 0.080986 0.216268 0.855504 -0.124690 0.989429 0.074050 0.000000 1.000000
6 0.071376 0.206354 0.887155 -0.348589 0.847326 0.400654 0.000000 1.000000
6 0.093529 0.207610 0.888186 0.066579 0.901458 0.427716 0.000000 1.000000
MaleBody_full.bmp
6 0.093529 0.207610 0.888186 0.066579 0.901458 0.427716 0.000000 1.000000
6 0.078522 0.191703 0.912151 -0.152045 0.804219 0.574556 0.000000 1.000000
6 0.096420 0.185990 0.916027 0.193693 0.772603 0.604621 0.000000 1.000000
MaleBody_full.bmp
6 0.078522 0.191703 0.912151 -0.152045 0.804219 0.574556 0.000000 1.000000
6 0.093529 0.207610 0.888186 0.066579 0.901458 0.427716 0.000000 1.000000
6 0.071376 0.206354 0.887155 -0.348589 0.847326 0.400654 0.000000 1.000000
MaleBody_full.bmp
6 0.096420 0.185990 0.916027 0.054722 0.289285 0.955678 0.000000 1.000000
6 0.078522 0.191703 0.912151 -0.189631 0.396149 0.898391 0.000000 1.000000
6 0.073716 0.162978 0.923803 -0.223853 0.070912 0.972040 0.000000 1.000000
MaleBody_full.bmp
6 0.071376 0.206354 0.887155 -0.348589 0.847326 0.400654 0.000000 1.000000
6 0.080986 0.216268 0.855504 -0.124690 0.989429 0.074050 0.000000 1.000000
6 0.059488 0.208266 0.858133 -0.640732 0.766531 0.043514 0.000000 1.000000
MaleBody_full.bmp
3 0.068676 -0.042701 0.659899 0.382036 -0.912704 -0.144982 0.000000 1.000000
3 0.017491 -0.053804 0.613108 0.111326 -0.977775 -0.177660 0.000000 1.000000
3 0.059557 -0.033006 0.608362 0.445166 -0.874969 -0.190413 0.000000 1.000000
MaleBody_full.bmp
3 0.017491 -0.053804 0.613108 0.111326 -0.977775 -0.177660 0.000000 1.000000
3 0.068676 -0.042701 0.659899 0.382036 -0.912704 -0.144982 0.000000 1.000000
3 0.021139 -0.062239 0.666236 0.205325 -0.977252 -0.053099 0.000000 1.000000
MaleBody_full.bmp
4 0.070472 0.041496 0.808184 0.249032 -0.562081 0.788700 0.000000 1.000000
4 0.035957 -0.005069 0.804972 0.355118 -0.598423 0.718179 0.000000 1.000000
4 0.074817 0.015441 0.787221 0.568058 -0.535202 0.625195 0.000000 1.000000
MaleBody_full.bmp
3 0.004091 0.062396 0.608848 -0.489545 0.865649 0.104874 0.000000 1.000000
2 -0.035412 0.048046 0.558902 -0.793741 0.608200 0.008235 0.000000 1.000000
3 -0.035411 0.035093 0.617365 -0.844905 0.534795 -0.011416 0.000000 1.000000
MaleBody_full.bmp
2 -0.035412 0.048046 0.558902 -0.793741 0.608200 0.008235 0.000000 1.000000
3 0.004091 0.062396 0.608848 -0.489545 0.865649 0.104874 0.000000 1.000000
2 -0.000169 0.073610 0.555790 -0.518451 0.853973 -0.044024 0.000000 1.000000
MaleBody_full.bmp
6 0.048814 0.145818 0.768721 -0.245818 0.859271 -0.448582 0.000000 1.000000
6 0.049128 0.122204 0.751655 -0.230044 0.095045 -0.968528 0.000000 1.000000
6 0.032463 0.124524 0.765704 -0.844240 0.067380 -0.531713 0.000000 1.000000
MaleBody_full.bmp
6 0.068025 0.159951 0.774297 -0.045921 0.537964 -0.841716 0.000000 1.000000
6 0.056593 0.161284 0.781826 -0.477757 0.729565 -0.489370 0.000000 1.000000
6 0.060596 0.167679 0.787851 -0.541120 0.690372 -0.480183 0.000000 1.000000
MaleBody_full.bmp
6 0.093529 0.207610 0.888186 0.066579 0.901458 0.427716 0.000000 1.000000
6 0.108986 0.213955 0.858129 0.351904 0.924817 0.144489 0.000000 1.000000
6 0.080986 0.216268 0.855504 -0.124690 0.989429 0.074050 0.000000 1.000000
MaleBody_full.bmp
6 0.096420 0.185990 0.916027 0.054722 0.289285 0.955678 0.000000 1.000000
6 0.073716 0.162978 0.923803 -0.223853 0.070912 0.972040 0.000000 1.000000
6 0.104467 0.147429 0.924553 0.016779 0.049937 0.998611 0.000000 1.000000
MaleBody_full.bmp
32 -0.038694 -0.003985 0.216898 -0.816624 0.515915 -0.258761 0.000000 1.000000
37 -0.021286 0.009316 0.145923 -0.764651 0.634826 -0.110928 0.000000 1.000000
32 -0.047296 -0.037932 0.149648 -0.923971 0.370789 -0.093773 0.000000 1.000000
MaleBody_full.bmp
37 -0.021286 0.009316 0.145923 -0.764651 0.634826 -0.110928 0.000000 1.000000
32 -0.038694 -0.003985 0.216898 -0.816624 0.515915 -0.258761 0.000000 1.000000
37 -0.016528 0.027673 0.220592 -0.747085 0.636243 -0.192506 0.000000 1.000000
MaleBody_full.bmp
31 -0.043282 0.018252 0.269548 -0.692318 0.707092 -0.143931 0.000000 1.000000
37 -0.016528 0.027673 0.220592 -0.747085 0.636243 -0.192506 0.000000 1.000000
32 -0.038694 -0.003985 0.216898 -0.816624 0.515915 -0.258761 0.000000 1.000000
MaleBody_full.bmp
37 -0.016528 0.027673 0.220592 -0.747085 0.636243 -0.192506 0.000000 1.000000
31 -0.043282 0.018252 0.269548 -0.692318 0.707092 -0.143931 0.000000 1.000000
37 -0.014126 0.046616 0.274108 -0.758215 0.650248 -0.047823 0.000000 1.000000
MaleBody_full.bmp
31 -0.019998 0.035624 0.360344 -0.695413 0.718550 -0.009324 0.000000 1.000000
37 -0.014126 0.046616 0.274108 -0.758215 0.650248 -0.047823 0.000000 1.000000
31 -0.043282 0.018252 0.269548 -0.692318 0.707092 -0.143931 0.000000 1.000000
MaleBody_full.bmp
37 -0.014126 0.046616 0.274108 -0.758215 0.650248 -0.047823 0.000000 1.000000
31 -0.019998 0.035624 0.360344 -0.695413 0.718550 -0.009324 0.000000 1.000000
36 -0.005815 0.053439 0.363518 -0.766706 0.641947 -0.008054 0.000000 1.000000
MaleBody_full.bmp
31 -0.006450 0.054683 0.446465 -0.752929 0.657764 -0.021093 0.000000 1.000000
36 -0.005815 0.053439 0.363518 -0.766706 0.641947 -0.008054 0.000000 1.000000
31 -0.019998 0.035624 0.360344 -0.695413 0.718550 -0.009324 0.000000 1.000000
MaleBody_full.bmp
36 -0.005815 0.053439 0.363518 -0.766706 0.641947 -0.008054 0.000000 1.000000
31 -0.006450 0.054683 0.446465 -0.752929 0.657764 -0.021093 0.000000 1.000000
36 -0.000067 0.064471 0.448542 -0.723330 0.689996 -0.026436 0.000000 1.000000
MaleBody_full.bmp
2 0.002145 0.067533 0.493324 -0.636887 0.770851 -0.012780 0.000000 1.000000
31 -0.006450 0.054683 0.446465 -0.752929 0.657764 -0.021093 0.000000 1.000000
2 -0.026906 0.036633 0.502515 -0.688905 0.724627 -0.018055 0.000000 1.000000
MaleBody_full.bmp
32 -0.047296 -0.037932 0.149648 -0.923971 0.370789 -0.093773 0.000000 1.000000
37 -0.027097 -0.002975 0.081580 -0.771117 0.631348 -0.082334 0.000000 1.000000
32 -0.052081 -0.063809 0.083690 -0.971056 0.220491 -0.091832 0.000000 1.000000
MaleBody_full.bmp
37 -0.027097 -0.002975 0.081580 -0.771117 0.631348 -0.082334 0.000000 1.000000
32 -0.047296 -0.037932 0.149648 -0.923971 0.370789 -0.093773 0.000000 1.000000
37 -0.021286 0.009316 0.145923 -0.764651 0.634826 -0.110928 0.000000 1.000000
MaleBody_full.bmp
32 0.014212 -0.207764 0.137375 0.239170 -0.861260 0.448363 0.000000 1.000000
32 -0.064019 -0.172091 0.211099 0.021010 -0.905177 0.424515 0.000000 1.000000
32 -0.058786 -0.190743 0.143224 -0.201488 -0.948337 0.245070 0.000000 1.000000
MaleBody_full.bmp
32 -0.064019 -0.172091 0.211099 0.021010 -0.905177 0.424515 0.000000 1.000000
32 0.014212 -0.207764 0.137375 0.239170 -0.861260 0.448363 0.000000 1.000000
32 0.008402 -0.167199 0.200407 0.459110 -0.746559 0.481527 0.000000 1.000000
MaleBody_full.bmp
32 0.008402 -0.167199 0.200407 0.459110 -0.746559 0.481527 0.000000 1.000000
32 -0.065013 -0.137948 0.277359 0.152370 -0.749247 0.644525 0.000000 1.000000
32 -0.064019 -0.172091 0.211099 0.021010 -0.905177 0.424515 0.000000 1.000000
MaleBody_full.bmp
32 -0.065013 -0.137948 0.277359 0.152370 -0.749247 0.644525 0.000000 1.000000
32 0.008402 -0.167199 0.200407 0.459110 -0.746559 0.481527 0.000000 1.000000
32 -0.001237 -0.130239 0.260105 0.424828 -0.757864 0.495140 0.000000 1.000000
MaleBody_full.bmp
31 -0.001789 -0.104251 0.295271 0.181332 -0.895643 0.406130 0.000000 1.000000
32 -0.065013 -0.137948 0.277359 0.152370 -0.749247 0.644525 0.000000 1.000000
32 -0.001237 -0.130239 0.260105 0.424828 -0.757864 0.495140 0.000000 1.000000
MaleBody_full.bmp
32 -0.065013 -0.137948 0.277359 0.152370 -0.749247 0.644525 0.000000 1.000000
31 -0.001789 -0.104251 0.295271 0.181332 -0.895643 0.406130 0.000000 1.000000
31 -0.059391 -0.093417 0.298110 -0.133466 -0.845212 0.517497 0.000000 1.000000
MaleBody_full.bmp
31 -0.001789 -0.104251 0.295271 0.181332 -0.895643 0.406130 0.000000 1.000000
31 -0.060184 -0.097761 0.385333 0.025628 -0.989765 0.140388 0.000000 1.000000
31 -0.059391 -0.093417 0.298110 -0.133466 -0.845212 0.517497 0.000000 1.000000
MaleBody_full.bmp
31 -0.060184 -0.097761 0.385333 0.025628 -0.989765 0.140388 0.000000 1.000000
31 -0.001789 -0.104251 0.295271 0.181332 -0.895643 0.406130 0.000000 1.000000
31 0.022787 -0.089588 0.369942 0.401226 -0.909472 0.108988 0.000000 1.000000
MaleBody_full.bmp
2 0.070656 -0.046396 0.469923 0.546323 -0.825709 0.140486 0.000000 1.000000
2 0.030608 -0.071500 0.465056 0.303153 -0.934879 0.184661 0.000000 1.000000
39 0.069841 -0.051559 0.442748 0.653797 -0.756259 0.024941 0.000000 1.000000
MaleBody_full.bmp
2 0.030608 -0.071500 0.465056 0.303153 -0.934879 0.184661 0.000000 1.000000
31 0.022787 -0.089588 0.369942 0.401226 -0.909472 0.108988 0.000000 1.000000
39 0.069841 -0.051559 0.442748 0.653797 -0.756259 0.024941 0.000000 1.000000
MaleBody_full.bmp
4 -0.033229 0.013688 0.745476 -0.409160 -0.129418 0.903238 0.000000 1.000000
4 -0.021372 0.001993 0.750930 -0.226289 -0.590645 -0.774552 0.000000 1.000000
4 -0.023801 -0.024257 0.771657 0.073919 0.623547 0.778283 0.000000 1.000000
MaleBody_full.bmp
2 -0.026906 0.036633 0.502515 -0.688905 0.724627 -0.018055 0.000000 1.000000
31 -0.006450 0.054683 0.446465 -0.752929 0.657764 -0.021093 0.000000 1.000000
31 -0.042675 0.024340 0.459891 -0.637020 0.770119 -0.033499 0.000000 1.000000
MaleBody_full.bmp
31 -0.006450 0.054683 0.446465 -0.752929 0.657764 -0.021093 0.000000 1.000000
2 0.002145 0.067533 0.493324 -0.636887 0.770851 -0.012780 0.000000 1.000000
36 -0.000067 0.064471 0.448542 -0.723330 0.689996 -0.026436 0.000000 1.000000
MaleBody_full.bmp
31 -0.019998 0.035624 0.360344 -0.695413 0.718550 -0.009324 0.000000 1.000000
31 -0.042675 0.024340 0.459891 -0.637020 0.770119 -0.033499 0.000000 1.000000
31 -0.006450 0.054683 0.446465 -0.752929 0.657764 -0.021093 0.000000 1.000000
MaleBody_full.bmp
31 -0.042675 0.024340 0.459891 -0.637020 0.770119 -0.033499 0.000000 1.000000
31 -0.019998 0.035624 0.360344 -0.695413 0.718550 -0.009324 0.000000 1.000000
31 -0.064574 0.001029 0.365539 -0.643654 0.764938 -0.024091 0.000000 1.000000
MaleBody_full.bmp
31 -0.043282 0.018252 0.269548 -0.692318 0.707092 -0.143931 0.000000 1.000000
31 -0.064574 0.001029 0.365539 -0.643654 0.764938 -0.024091 0.000000 1.000000
31 -0.019998 0.035624 0.360344 -0.695413 0.718550 -0.009324 0.000000 1.000000
MaleBody_full.bmp
31 -0.064574 0.001029 0.365539 -0.643654 0.764938 -0.024091 0.000000 1.000000
31 -0.043282 0.018252 0.269548 -0.692318 0.707092 -0.143931 0.000000 1.000000
31 -0.081226 -0.018887 0.268942 -0.742388 0.588703 -0.319827 0.000000 1.000000
MaleBody_full.bmp
32 -0.038694 -0.003985 0.216898 -0.816624 0.515915 -0.258761 0.000000 1.000000
31 -0.081226 -0.018887 0.268942 -0.742388 0.588703 -0.319827 0.000000 1.000000
31 -0.043282 0.018252 0.269548 -0.692318 0.707092 -0.143931 0.000000 1.000000
MaleBody_full.bmp
31 -0.081226 -0.018887 0.268942 -0.742388 0.588703 -0.319827 0.000000 1.000000
32 -0.038694 -0.003985 0.216898 -0.816624 0.515915 -0.258761 0.000000 1.000000
32 -0.071432 -0.071151 0.226376 -0.901001 0.318466 -0.294577 0.000000 1.000000
MaleBody_full.bmp
32 -0.047296 -0.037932 0.149648 -0.923971 0.370789 -0.093773 0.000000 1.000000
32 -0.071432 -0.071151 0.226376 -0.901001 0.318466 -0.294577 0.000000 1.000000
32 -0.038694 -0.003985 0.216898 -0.816624 0.515915 -0.258761 0.000000 1.000000
MaleBody_full.bmp
32 -0.071432 -0.071151 0.226376 -0.901001 0.318466 -0.294577 0.000000 1.000000
32 -0.047296 -0.037932 0.149648 -0.923971 0.370789 -0.093773 0.000000 1.000000
32 -0.067330 -0.114307 0.166279 -0.977477 0.161761 -0.135547 0.000000 1.000000
MaleBody_full.bmp
32 -0.052081 -0.063809 0.083690 -0.971056 0.220491 -0.091832 0.000000 1.000000
32 -0.067330 -0.114307 0.166279 -0.977477 0.161761 -0.135547 0.000000 1.000000
32 -0.047296 -0.037932 0.149648 -0.923971 0.370789 -0.093773 0.000000 1.000000
MaleBody_full.bmp
32 -0.067330 -0.114307 0.166279 -0.977477 0.161761 -0.135547 0.000000 1.000000
32 -0.052081 -0.063809 0.083690 -0.971056 0.220491 -0.091832 0.000000 1.000000
32 -0.057909 -0.165762 0.100699 -0.985977 0.028949 -0.164354 0.000000 1.000000
MaleBody_full.bmp
2 0.002145 0.067533 0.493324 -0.636887 0.770851 -0.012780 0.000000 1.000000
26 0.005890 0.069366 0.458782 -0.509640 0.860387 0.001156 0.000000 1.000000
36 -0.000067 0.064471 0.448542 -0.723330 0.689996 -0.026436 0.000000 1.000000
MaleBody_full.bmp
26 0.005890 0.069366 0.458782 -0.509640 0.860387 0.001156 0.000000 1.000000
2 0.002145 0.067533 0.493324 -0.636887 0.770851 -0.012780 0.000000 1.000000
2 0.043254 0.079139 0.500980 -0.326734 0.942442 0.071045 0.000000 1.000000
MaleBody_full.bmp
36 -0.005815 0.053439 0.363518 -0.766706 0.641947 -0.008054 0.000000 1.000000
26 0.005890 0.069366 0.458782 -0.509640 0.860387 0.001156 0.000000 1.000000
26 0.002545 0.064442 0.370193 -0.654639 0.755655 0.020825 0.000000 1.000000
MaleBody_full.bmp
26 0.005890 0.069366 0.458782 -0.509640 0.860387 0.001156 0.000000 1.000000
36 -0.005815 0.053439 0.363518 -0.766706 0.641947 -0.008054 0.000000 1.000000
36 -0.000067 0.064471 0.448542 -0.723330 0.689996 -0.026436 0.000000 1.000000
MaleBody_full.bmp
37 -0.014126 0.046616 0.274108 -0.758215 0.650248 -0.047823 0.000000 1.000000
26 0.002545 0.064442 0.370193 -0.654639 0.755655 0.020825 0.000000 1.000000
26 0.003371 0.069109 0.275912 -0.695519 0.713305 -0.086313 0.000000 1.000000
MaleBody_full.bmp
26 0.002545 0.064442 0.370193 -0.654639 0.755655 0.020825 0.000000 1.000000
37 -0.014126 0.046616 0.274108 -0.758215 0.650248 -0.047823 0.000000 1.000000
36 -0.005815 0.053439 0.363518 -0.766706 0.641947 -0.008054 0.000000 1.000000
MaleBody_full.bmp
37 -0.016528 0.027673 0.220592 -0.747085 0.636243 -0.192506 0.000000 1.000000
26 0.003371 0.069109 0.275912 -0.695519 0.713305 -0.086313 0.000000 1.000000
27 0.004078 0.049788 0.218335 -0.554402 0.787799 -0.268351 0.000000 1.000000
MaleBody_full.bmp
26 0.003371 0.069109 0.275912 -0.695519 0.713305 -0.086313 0.000000 1.000000
37 -0.016528 0.027673 0.220592 -0.747085 0.636243 -0.192506 0.000000 1.000000
37 -0.014126 0.046616 0.274108 -0.758215 0.650248 -0.047823 0.000000 1.000000
MaleBody_full.bmp
37 -0.021286 0.009316 0.145923 -0.764651 0.634826 -0.110928 0.000000 1.000000
27 0.004078 0.049788 0.218335 -0.554402 0.787799 -0.268351 0.000000 1.000000
27 0.012767 0.035478 0.142228 -0.380151 0.905125 -0.190353 0.000000 1.000000
MaleBody_full.bmp
27 0.004078 0.049788 0.218335 -0.554402 0.787799 -0.268351 0.000000 1.000000
37 -0.021286 0.009316 0.145923 -0.764651 0.634826 -0.110928 0.000000 1.000000
37 -0.016528 0.027673 0.220592 -0.747085 0.636243 -0.192506 0.000000 1.000000
MaleBody_full.bmp
37 -0.027097 -0.002975 0.081580 -0.771117 0.631348 -0.082334 0.000000 1.000000
27 0.012767 0.035478 0.142228 -0.380151 0.905125 -0.190353 0.000000 1.000000
27 0.010593 0.022279 0.070772 -0.210609 0.957986 -0.194697 0.000000 1.000000
MaleBody_full.bmp
27 0.012767 0.035478 0.142228 -0.380151 0.905125 -0.190353 0.000000 1.000000
37 -0.027097 -0.002975 0.081580 -0.771117 0.631348 -0.082334 0.000000 1.000000
37 -0.021286 0.009316 0.145923 -0.764651 0.634826 -0.110928 0.000000 1.000000
MaleBody_full.bmp
26 0.124659 0.032642 0.354679 0.806756 -0.557984 -0.194420 0.000000 1.000000
2 0.103835 -0.024129 0.460243 0.731736 -0.675773 -0.088846 0.000000 1.000000
26 0.069484 -0.030039 0.362856 0.851965 -0.509299 -0.121534 0.000000 1.000000
MaleBody_full.bmp
2 0.103835 -0.024129 0.460243 0.731736 -0.675773 -0.088846 0.000000 1.000000
26 0.124659 0.032642 0.354679 0.806756 -0.557984 -0.194420 0.000000 1.000000
26 0.125979 0.021661 0.439090 0.883995 -0.461623 -0.073878 0.000000 1.000000
MaleBody_full.bmp
26 0.124659 0.032642 0.354679 0.806756 -0.557984 -0.194420 0.000000 1.000000
26 0.064625 -0.020531 0.276595 0.891269 -0.448565 0.066549 0.000000 1.000000
26 0.088414 0.031076 0.273053 0.903685 -0.407550 0.131366 0.000000 1.000000
MaleBody_full.bmp
26 0.064625 -0.020531 0.276595 0.891269 -0.448565 0.066549 0.000000 1.000000
26 0.124659 0.032642 0.354679 0.806756 -0.557984 -0.194420 0.000000 1.000000
26 0.069484 -0.030039 0.362856 0.851965 -0.509299 -0.121534 0.000000 1.000000
MaleBody_full.bmp
26 0.064625 -0.020531 0.276595 0.891269 -0.448565 0.066549 0.000000 1.000000
27 0.114800 0.014425 0.231399 0.773055 -0.558756 0.300296 0.000000 1.000000
26 0.088414 0.031076 0.273053 0.903685 -0.407550 0.131366 0.000000 1.000000
MaleBody_full.bmp
27 0.114800 0.014425 0.231399 0.773055 -0.558756 0.300296 0.000000 1.000000
26 0.064625 -0.020531 0.276595 0.891269 -0.448565 0.066549 0.000000 1.000000
27 0.065868 -0.034962 0.232519 0.896279 -0.397506 0.196655 0.000000 1.000000
MaleBody_full.bmp
27 0.076971 -0.054507 0.162109 0.935423 -0.303532 0.181252 0.000000 1.000000
27 0.114800 0.014425 0.231399 0.773055 -0.558756 0.300296 0.000000 1.000000
27 0.065868 -0.034962 0.232519 0.896279 -0.397506 0.196655 0.000000 1.000000
MaleBody_full.bmp
27 0.114800 0.014425 0.231399 0.773055 -0.558756 0.300296 0.000000 1.000000
27 0.076971 -0.054507 0.162109 0.935423 -0.303532 0.181252 0.000000 1.000000
27 0.109963 0.001793 0.158090 0.923173 -0.383774 -0.021650 0.000000 1.000000
MaleBody_full.bmp
27 0.082683 -0.069697 0.093825 0.973613 -0.228205 0.000614 0.000000 1.000000
27 0.109963 0.001793 0.158090 0.923173 -0.383774 -0.021650 0.000000 1.000000
27 0.076971 -0.054507 0.162109 0.935423 -0.303532 0.181252 0.000000 1.000000
MaleBody_full.bmp
27 0.109963 0.001793 0.158090 0.923173 -0.383774 -0.021650 0.000000 1.000000
27 0.082683 -0.069697 0.093825 0.973613 -0.228205 0.000614 0.000000 1.000000
27 0.087231 -0.020396 0.088162 0.954729 -0.119384 -0.272469 0.000000 1.000000
MaleBody_full.bmp
39 0.069841 -0.051559 0.442748 0.653797 -0.756259 0.024941 0.000000 1.000000
31 0.022787 -0.089588 0.369942 0.401226 -0.909472 0.108988 0.000000 1.000000
39 0.057284 -0.064140 0.372381 0.797031 -0.603825 0.011715 0.000000 1.000000
MaleBody_full.bmp
40 0.051167 -0.080180 0.288861 0.805298 -0.573374 0.150790 0.000000 1.000000
31 0.022787 -0.089588 0.369942 0.401226 -0.909472 0.108988 0.000000 1.000000
31 -0.001789 -0.104251 0.295271 0.181332 -0.895643 0.406130 0.000000 1.000000
MaleBody_full.bmp
31 0.022787 -0.089588 0.369942 0.401226 -0.909472 0.108988 0.000000 1.000000
40 0.051167 -0.080180 0.288861 0.805298 -0.573374 0.150790 0.000000 1.000000
39 0.057284 -0.064140 0.372381 0.797031 -0.603825 0.011715 0.000000 1.000000
MaleBody_full.bmp
32 -0.001237 -0.130239 0.260105 0.424828 -0.757864 0.495140 0.000000 1.000000
40 0.051167 -0.080180 0.288861 0.805298 -0.573374 0.150790 0.000000 1.000000
31 -0.001789 -0.104251 0.295271 0.181332 -0.895643 0.406130 0.000000 1.000000
MaleBody_full.bmp
40 0.051167 -0.080180 0.288861 0.805298 -0.573374 0.150790 0.000000 1.000000
32 -0.001237 -0.130239 0.260105 0.424828 -0.757864 0.495140 0.000000 1.000000
40 0.054392 -0.097585 0.233131 0.841884 -0.436190 0.317758 0.000000 1.000000
MaleBody_full.bmp
32 0.008402 -0.167199 0.200407 0.459110 -0.746559 0.481527 0.000000 1.000000
40 0.054392 -0.097585 0.233131 0.841884 -0.436190 0.317758 0.000000 1.000000
32 -0.001237 -0.130239 0.260105 0.424828 -0.757864 0.495140 0.000000 1.000000
MaleBody_full.bmp
40 0.054392 -0.097585 0.233131 0.841884 -0.436190 0.317758 0.000000 1.000000
32 0.008402 -0.167199 0.200407 0.459110 -0.746559 0.481527 0.000000 1.000000
40 0.068732 -0.125892 0.173019 0.858531 -0.396948 0.324586 0.000000 1.000000
MaleBody_full.bmp
40 0.077510 -0.151411 0.105098 0.887276 -0.371745 0.273032 0.000000 1.000000
32 0.008402 -0.167199 0.200407 0.459110 -0.746559 0.481527 0.000000 1.000000
32 0.014212 -0.207764 0.137375 0.239170 -0.861260 0.448363 0.000000 1.000000
MaleBody_full.bmp
32 0.008402 -0.167199 0.200407 0.459110 -0.746559 0.481527 0.000000 1.000000
40 0.077510 -0.151411 0.105098 0.887276 -0.371745 0.273032 0.000000 1.000000
40 0.068732 -0.125892 0.173019 0.858531 -0.396948 0.324586 0.000000 1.000000
MaleBody_full.bmp
26 0.069484 -0.030039 0.362856 0.851965 -0.509299 -0.121534 0.000000 1.000000
2 0.103835 -0.024129 0.460243 0.731736 -0.675773 -0.088846 0.000000 1.000000
39 0.069841 -0.051559 0.442748 0.653797 -0.756259 0.024941 0.000000 1.000000
MaleBody_full.bmp
2 0.103835 -0.024129 0.460243 0.731736 -0.675773 -0.088846 0.000000 1.000000
2 0.070656 -0.046396 0.469923 0.546323 -0.825709 0.140486 0.000000 1.000000
39 0.069841 -0.051559 0.442748 0.653797 -0.756259 0.024941 0.000000 1.000000
MaleBody_full.bmp
2 0.030608 -0.071500 0.465056 0.303153 -0.934879 0.184661 0.000000 1.000000
31 -0.060184 -0.097761 0.385333 0.025628 -0.989765 0.140388 0.000000 1.000000
31 0.022787 -0.089588 0.369942 0.401226 -0.909472 0.108988 0.000000 1.000000
MaleBody_full.bmp
31 -0.060184 -0.097761 0.385333 0.025628 -0.989765 0.140388 0.000000 1.000000
2 0.030608 -0.071500 0.465056 0.303153 -0.934879 0.184661 0.000000 1.000000
31 -0.027943 -0.076092 0.456452 0.034623 -0.960278 0.276889 0.000000 1.000000
end
